id,season,city,date,match_number,team1,team2,toss_winner,toss_decision,winner,result,player_of_match,venue
335982,2007/08,Bangalore,2008-04-18,1,Royal Challengers Bangalore,Kolkata Knight Riders,Royal Challengers Bangalore,field,Kolkata Knight Riders,normal,BB McCullum,M Chinnaswamy Stadium
335983,2007/08,Chandigarh,2008-04-19,2,Kings XI Punjab,Chennai Super Kings,Chennai Super Kings,bat,Chennai Super Kings,normal,MEK Hussey,"Punjab Cricket Association Stadium, Mohali"
335984,2007/08,Delhi,2008-04-19,3,Delhi Daredevils,Rajasthan Royals,Rajasthan Royals,bat,Delhi Daredevils,normal,MF Maharoof,Feroz Shah Kotla
335985,2007/08,Mumbai,2008-04-20,5,Mumbai Indians,Royal Challengers Bangalore,Mumbai Indians,bat,Royal Challengers Bangalore,normal,MV Boucher,Wankhede Stadium
335986,2007/08,Kolkata,2008-04-20,4,Kolkata Knight Riders,Deccan Chargers,Deccan Chargers,bat,Kolkata Knight Riders,normal,DJ Hussey,Eden Gardens
335987,2007/08,Jaipur,2008-04-21,6,Rajasthan Royals,Kings XI Punjab,Kings XI Punjab,bat,Rajasthan Royals,normal,SR Watson,Sawai Mansingh Stadium
335988,2007/08,Hyderabad,2008-04-22,7,Deccan Chargers,Delhi Daredevils,Deccan Chargers,bat,Delhi Daredevils,normal,V Sehwag,"Rajiv Gandhi International Stadium, Uppal"
335989,2007/08,Chennai,2008-04-23,8,Chennai Super Kings,Mumbai Indians,Mumbai Indians,field,Chennai Super Kings,normal,ML Hayden,"MA Chidambaram Stadium, Chepauk"
335990,2007/08,Hyderabad,2008-04-24,9,Deccan Chargers,Rajasthan Royals,Rajasthan Royals,field,Rajasthan Royals,normal,YK Pathan,"Rajiv Gandhi International Stadium, Uppal"
335991,2007/08,Chandigarh,2008-04-25,10,Kings XI Punjab,Mumbai Indians,Mumbai Indians,field,Kings XI Punjab,normal,KC Sangakkara,"Punjab Cricket Association Stadium, Mohali"
335992,2007/08,Bangalore,2008-04-26,12,Royal Challengers Bangalore,Rajasthan Royals,Rajasthan Royals,field,Rajasthan Royals,normal,SR Watson,M Chinnaswamy Stadium
335993,2007/08,Chennai,2008-04-26,11,Chennai Super Kings,Kolkata Knight Riders,Kolkata Knight Riders,bat,Chennai Super Kings,normal,JDP Oram,"MA Chidambaram Stadium, Chepauk"
335994,2007/08,Mumbai,2008-04-27,14,Mumbai Indians,Deccan Chargers,Deccan Chargers,field,Deccan Chargers,normal,AC Gilchrist,Dr DY Patil Sports Academy
335995,2007/08,Chandigarh,2008-04-27,13,Kings XI Punjab,Delhi Daredevils,Delhi Daredevils,bat,Kings XI Punjab,normal,SM Katich,"Punjab Cricket Association Stadium, Mohali"
335996,2007/08,Bangalore,2008-04-28,15,Royal Challengers Bangalore,Chennai Super Kings,Chennai Super Kings,bat,Chennai Super Kings,normal,MS Dhoni,M Chinnaswamy Stadium
335997,2007/08,Kolkata,2008-04-29,16,Kolkata Knight Riders,Mumbai Indians,Kolkata Knight Riders,bat,Mumbai Indians,normal,ST Jayasuriya,Eden Gardens
335998,2007/08,Delhi,2008-04-30,17,Delhi Daredevils,Royal Challengers Bangalore,Royal Challengers Bangalore,field,Delhi Daredevils,normal,GD McGrath,Feroz Shah Kotla
335999,2007/08,Hyderabad,2008-05-01,19,Deccan Chargers,Kings XI Punjab,Kings XI Punjab,field,Kings XI Punjab,normal,SE Marsh,"Rajiv Gandhi International Stadium, Uppal"
336000,2007/08,Jaipur,2008-05-01,18,Rajasthan Royals,Kolkata Knight Riders,Rajasthan Royals,bat,Rajasthan Royals,normal,SA Asnodkar,Sawai Mansingh Stadium
336001,2007/08,Chennai,2008-05-02,20,Chennai Super Kings,Delhi Daredevils,Chennai Super Kings,bat,Delhi Daredevils,normal,V Sehwag,"MA Chidambaram Stadium, Chepauk"
336003,2007/08,Chandigarh,2008-05-03,22,Kings XI Punjab,Kolkata Knight Riders,Kings XI Punjab,bat,Kings XI Punjab,normal,IK Pathan,"Punjab Cricket Association Stadium, Mohali"
336034,2007/08,Bangalore,2008-05-03,21,Royal Challengers Bangalore,Deccan Chargers,Deccan Chargers,field,Royal Challengers Bangalore,normal,P Kumar,M Chinnaswamy Stadium
336004,2007/08,Mumbai,2008-05-04,23,Mumbai Indians,Delhi Daredevils,Delhi Daredevils,field,Mumbai Indians,normal,SM Pollock,Dr DY Patil Sports Academy
336005,2007/08,Jaipur,2008-05-04,24,Rajasthan Royals,Chennai Super Kings,Chennai Super Kings,bat,Rajasthan Royals,normal,Sohail Tanvir,Sawai Mansingh Stadium
336006,2007/08,Bangalore,2008-05-05,25,Royal Challengers Bangalore,Kings XI Punjab,Kings XI Punjab,field,Kings XI Punjab,normal,S Sreesanth,M Chinnaswamy Stadium
336007,2007/08,Chennai,2008-05-06,26,Chennai Super Kings,Deccan Chargers,Deccan Chargers,field,Deccan Chargers,normal,AC Gilchrist,"MA Chidambaram Stadium, Chepauk"
336008,2007/08,Mumbai,2008-05-07,27,Mumbai Indians,Rajasthan Royals,Mumbai Indians,field,Mumbai Indians,normal,A Nehra,Dr DY Patil Sports Academy
336009,2007/08,Delhi,2008-05-08,28,Delhi Daredevils,Chennai Super Kings,Chennai Super Kings,field,Chennai Super Kings,normal,MS Dhoni,Feroz Shah Kotla
336010,2007/08,Kolkata,2008-05-08,29,Kolkata Knight Riders,Royal Challengers Bangalore,Kolkata Knight Riders,bat,Kolkata Knight Riders,normal,SC Ganguly,Eden Gardens
336011,2007/08,Jaipur,2008-05-09,30,Rajasthan Royals,Deccan Chargers,Rajasthan Royals,field,Rajasthan Royals,normal,YK Pathan,Sawai Mansingh Stadium
336013,2007/08,Chennai,2008-05-10,31,Chennai Super Kings,Kings XI Punjab,Kings XI Punjab,field,Chennai Super Kings,normal,L Balaji,"MA Chidambaram Stadium, Chepauk"
336014,2007/08,Hyderabad,2008-05-11,32,Deccan Chargers,Kolkata Knight Riders,Kolkata Knight Riders,bat,Kolkata Knight Riders,normal,SC Ganguly,"Rajiv Gandhi International Stadium, Uppal"
336015,2007/08,Jaipur,2008-05-11,33,Rajasthan Royals,Delhi Daredevils,Rajasthan Royals,field,Rajasthan Royals,normal,SR Watson,Sawai Mansingh Stadium
336016,2007/08,Chandigarh,2008-05-12,34,Kings XI Punjab,Royal Challengers Bangalore,Royal Challengers Bangalore,bat,Kings XI Punjab,normal,SE Marsh,"Punjab Cricket Association Stadium, Mohali"
336017,2007/08,Kolkata,2008-05-13,35,Kolkata Knight Riders,Delhi Daredevils,Kolkata Knight Riders,bat,Kolkata Knight Riders,normal,Shoaib Akhtar,Eden Gardens
336018,2007/08,Mumbai,2008-05-14,36,Mumbai Indians,Chennai Super Kings,Mumbai Indians,field,Mumbai Indians,normal,ST Jayasuriya,Wankhede Stadium
336020,2007/08,Delhi,2008-05-15,37,Delhi Daredevils,Deccan Chargers,Deccan Chargers,field,Delhi Daredevils,normal,A Mishra,Feroz Shah Kotla
336021,2007/08,Mumbai,2008-05-16,38,Mumbai Indians,Kolkata Knight Riders,Mumbai Indians,field,Mumbai Indians,normal,SM Pollock,Wankhede Stadium
336022,2007/08,Delhi,2008-05-17,40,Delhi Daredevils,Kings XI Punjab,Delhi Daredevils,bat,Kings XI Punjab,normal,DPMD Jayawardene,Feroz Shah Kotla
336023,2007/08,Jaipur,2008-05-17,39,Rajasthan Royals,Royal Challengers Bangalore,Royal Challengers Bangalore,field,Rajasthan Royals,normal,GC Smith,Sawai Mansingh Stadium
336024,2007/08,Hyderabad,2008-05-18,42,Deccan Chargers,Mumbai Indians,Deccan Chargers,field,Mumbai Indians,normal,DJ Bravo,"Rajiv Gandhi International Stadium, Uppal"
336025,2007/08,Kolkata,2008-05-18,41,Kolkata Knight Riders,Chennai Super Kings,Kolkata Knight Riders,bat,Chennai Super Kings,normal,M Ntini,Eden Gardens
336026,2007/08,Bangalore,2008-05-19,43,Royal Challengers Bangalore,Delhi Daredevils,Delhi Daredevils,field,Delhi Daredevils,normal,SP Goswami,M Chinnaswamy Stadium
336027,2007/08,Kolkata,2008-05-20,44,Kolkata Knight Riders,Rajasthan Royals,Rajasthan Royals,field,Rajasthan Royals,normal,YK Pathan,Eden Gardens
336028,2007/08,Mumbai,2008-05-21,45,Mumbai Indians,Kings XI Punjab,Mumbai Indians,field,Kings XI Punjab,normal,SE Marsh,Wankhede Stadium
336029,2007/08,Chennai,2008-05-21,46,Chennai Super Kings,Royal Challengers Bangalore,Royal Challengers Bangalore,bat,Royal Challengers Bangalore,normal,A Kumble,"MA Chidambaram Stadium, Chepauk"
336031,2007/08,Chandigarh,2008-05-23,48,Kings XI Punjab,Deccan Chargers,Kings XI Punjab,field,Kings XI Punjab,normal,SE Marsh,"Punjab Cricket Association Stadium, Mohali"
336032,2007/08,Delhi,2008-05-24,50,Delhi Daredevils,Mumbai Indians,Delhi Daredevils,field,Delhi Daredevils,normal,KD Karthik,Feroz Shah Kotla
336033,2007/08,Chennai,2008-05-24,49,Chennai Super Kings,Rajasthan Royals,Rajasthan Royals,bat,Rajasthan Royals,normal,JA Morkel,"MA Chidambaram Stadium, Chepauk"
336002,2007/08,Hyderabad,2008-05-25,51,Deccan Chargers,Royal Challengers Bangalore,Deccan Chargers,bat,Royal Challengers Bangalore,normal,R Vinay Kumar,"Rajiv Gandhi International Stadium, Uppal"
336035,2007/08,Kolkata,2008-05-25,52,Kolkata Knight Riders,Kings XI Punjab,Kings XI Punjab,bat,Kolkata Knight Riders,normal,Umar Gul,Eden Gardens
336036,2007/08,Jaipur,2008-05-26,53,Rajasthan Royals,Mumbai Indians,Rajasthan Royals,field,Rajasthan Royals,normal,Sohail Tanvir,Sawai Mansingh Stadium
336037,2007/08,Hyderabad,2008-05-27,54,Deccan Chargers,Chennai Super Kings,Deccan Chargers,bat,Chennai Super Kings,normal,SK Raina,"Rajiv Gandhi International Stadium, Uppal"
336012,2007/08,Bangalore,2008-05-28,55,Royal Challengers Bangalore,Mumbai Indians,Mumbai Indians,field,Mumbai Indians,normal,CRD Fernando,M Chinnaswamy Stadium
336019,2007/08,Chandigarh,2008-05-28,56,Kings XI Punjab,Rajasthan Royals,Rajasthan Royals,field,Kings XI Punjab,normal,SE Marsh,"Punjab Cricket Association Stadium, Mohali"
336038,2007/08,Mumbai,2008-05-30,,Delhi Daredevils,Rajasthan Royals,Delhi Daredevils,field,Rajasthan Royals,normal,SR Watson,Wankhede Stadium
336039,2007/08,Mumbai,2008-05-31,,Chennai Super Kings,Kings XI Punjab,Kings XI Punjab,bat,Chennai Super Kings,normal,M Ntini,Wankhede Stadium
336040,2007/08,Mumbai,2008-06-01,,Chennai Super Kings,Rajasthan Royals,Rajasthan Royals,field,Rajasthan Royals,normal,YK Pathan,Dr DY Patil Sports Academy
392181,2009,Cape Town,2009-04-18,1,Chennai Super Kings,Mumbai Indians,Chennai Super Kings,field,Mumbai Indians,normal,SR Tendulkar,Newlands
392182,2009,Cape Town,2009-04-18,2,Royal Challengers Bangalore,Rajasthan Royals,Royal Challengers Bangalore,bat,Royal Challengers Bangalore,normal,R Dravid,Newlands
392183,2009,Cape Town,2009-04-19,3,Delhi Daredevils,Kings XI Punjab,Delhi Daredevils,field,Delhi Daredevils,normal,DL Vettori,Newlands
392184,2009,Cape Town,2009-04-19,4,Deccan Chargers,Kolkata Knight Riders,Kolkata Knight Riders,bat,Deccan Chargers,normal,RP Singh,Newlands
392185,2009,Port Elizabeth,2009-04-20,5,Royal Challengers Bangalore,Chennai Super Kings,Chennai Super Kings,bat,Chennai Super Kings,normal,M Muralitharan,St George's Park
392186,2009,Durban,2009-04-21,6,Kings XI Punjab,Kolkata Knight Riders,Kolkata Knight Riders,field,Kolkata Knight Riders,normal,CH Gayle,Kingsmead
392188,2009,Cape Town,2009-04-22,8,Royal Challengers Bangalore,Deccan Chargers,Deccan Chargers,bat,Deccan Chargers,normal,AC Gilchrist,Newlands
392189,2009,Durban,2009-04-23,9,Chennai Super Kings,Delhi Daredevils,Delhi Daredevils,bat,Delhi Daredevils,normal,AB de Villiers,Kingsmead
392190,2009,Cape Town,2009-04-23,10,Kolkata Knight Riders,Rajasthan Royals,Kolkata Knight Riders,field,No Result,tie,YK Pathan,Newlands
392191,2009,Durban,2009-04-24,11,Royal Challengers Bangalore,Kings XI Punjab,Royal Challengers Bangalore,bat,Kings XI Punjab,normal,RS Bopara,Kingsmead
392192,2009,Durban,2009-04-25,12,Deccan Chargers,Mumbai Indians,Deccan Chargers,bat,Deccan Chargers,normal,PP Ojha,Kingsmead
392194,2009,Port Elizabeth,2009-04-26,14,Royal Challengers Bangalore,Delhi Daredevils,Royal Challengers Bangalore,bat,Delhi Daredevils,normal,TM Dilshan,St George's Park
392195,2009,Cape Town,2009-04-26,15,Kings XI Punjab,Rajasthan Royals,Kings XI Punjab,bat,Kings XI Punjab,normal,KC Sangakkara,Newlands
392196,2009,Durban,2009-04-27,16,Chennai Super Kings,Deccan Chargers,Deccan Chargers,field,Deccan Chargers,normal,HH Gibbs,Kingsmead
392197,2009,Port Elizabeth,2009-04-27,17,Kolkata Knight Riders,Mumbai Indians,Mumbai Indians,bat,Mumbai Indians,normal,SR Tendulkar,St George's Park
392198,2009,Centurion,2009-04-28,18,Delhi Daredevils,Rajasthan Royals,Delhi Daredevils,bat,Rajasthan Royals,normal,YK Pathan,SuperSport Park
392199,2009,Durban,2009-04-29,19,Royal Challengers Bangalore,Kolkata Knight Riders,Kolkata Knight Riders,bat,Royal Challengers Bangalore,normal,MV Boucher,Kingsmead
392200,2009,Durban,2009-04-29,20,Kings XI Punjab,Mumbai Indians,Kings XI Punjab,bat,Kings XI Punjab,normal,KC Sangakkara,Kingsmead
392201,2009,Centurion,2009-04-30,21,Deccan Chargers,Delhi Daredevils,Delhi Daredevils,field,Delhi Daredevils,normal,DP Nannes,SuperSport Park
392202,2009,Centurion,2009-04-30,22,Chennai Super Kings,Rajasthan Royals,Rajasthan Royals,field,Chennai Super Kings,normal,SK Raina,SuperSport Park
392203,2009,East London,2009-05-01,23,Kolkata Knight Riders,Mumbai Indians,Mumbai Indians,bat,Mumbai Indians,normal,JP Duminy,Buffalo Park
392204,2009,Durban,2009-05-01,24,Royal Challengers Bangalore,Kings XI Punjab,Royal Challengers Bangalore,bat,Royal Challengers Bangalore,normal,Yuvraj Singh,Kingsmead
392205,2009,Port Elizabeth,2009-05-02,25,Deccan Chargers,Rajasthan Royals,Deccan Chargers,bat,Rajasthan Royals,normal,YK Pathan,St George's Park
392206,2009,Johannesburg,2009-05-02,26,Chennai Super Kings,Delhi Daredevils,Delhi Daredevils,field,Chennai Super Kings,normal,SB Jakati,New Wanderers Stadium
392207,2009,Port Elizabeth,2009-05-03,27,Kings XI Punjab,Kolkata Knight Riders,Kolkata Knight Riders,bat,Kings XI Punjab,normal,DPMD Jayawardene,St George's Park
392208,2009,Johannesburg,2009-05-03,28,Royal Challengers Bangalore,Mumbai Indians,Mumbai Indians,bat,Royal Challengers Bangalore,normal,JH Kallis,New Wanderers Stadium
392209,2009,East London,2009-05-04,29,Chennai Super Kings,Deccan Chargers,Chennai Super Kings,bat,Chennai Super Kings,normal,MS Dhoni,Buffalo Park
392210,2009,Durban,2009-05-05,30,Kings XI Punjab,Rajasthan Royals,Kings XI Punjab,field,Rajasthan Royals,normal,GC Smith,Kingsmead
392211,2009,Durban,2009-05-05,31,Delhi Daredevils,Kolkata Knight Riders,Kolkata Knight Riders,bat,Delhi Daredevils,normal,G Gambhir,Kingsmead
392212,2009,Centurion,2009-05-06,32,Deccan Chargers,Mumbai Indians,Deccan Chargers,bat,Deccan Chargers,normal,RG Sharma,SuperSport Park
392213,2009,Centurion,2009-05-07,33,Royal Challengers Bangalore,Rajasthan Royals,Rajasthan Royals,field,Rajasthan Royals,normal,A Singh,SuperSport Park
392214,2009,Centurion,2009-05-07,34,Chennai Super Kings,Kings XI Punjab,Chennai Super Kings,bat,Chennai Super Kings,normal,ML Hayden,SuperSport Park
392215,2009,East London,2009-05-08,35,Delhi Daredevils,Mumbai Indians,Mumbai Indians,bat,Delhi Daredevils,normal,A Nehra,Buffalo Park
392216,2009,Kimberley,2009-05-09,36,Deccan Chargers,Kings XI Punjab,Kings XI Punjab,field,Kings XI Punjab,normal,DPMD Jayawardene,De Beers Diamond Oval
392217,2009,Kimberley,2009-05-09,37,Chennai Super Kings,Rajasthan Royals,Rajasthan Royals,bat,Chennai Super Kings,normal,S Badrinath,De Beers Diamond Oval
392218,2009,Port Elizabeth,2009-05-10,38,Royal Challengers Bangalore,Mumbai Indians,Mumbai Indians,bat,Mumbai Indians,normal,JP Duminy,St George's Park
392219,2009,Johannesburg,2009-05-10,39,Delhi Daredevils,Kolkata Knight Riders,Delhi Daredevils,field,Delhi Daredevils,normal,A Mishra,New Wanderers Stadium
392220,2009,Kimberley,2009-05-11,40,Deccan Chargers,Rajasthan Royals,Deccan Chargers,bat,Deccan Chargers,normal,DR Smith,De Beers Diamond Oval
392221,2009,Centurion,2009-05-12,41,Royal Challengers Bangalore,Kolkata Knight Riders,Royal Challengers Bangalore,field,Royal Challengers Bangalore,normal,LRPL Taylor,SuperSport Park
392222,2009,Centurion,2009-05-12,42,Kings XI Punjab,Mumbai Indians,Kings XI Punjab,bat,Mumbai Indians,normal,Harbhajan Singh,SuperSport Park
392223,2009,Durban,2009-05-13,43,Deccan Chargers,Delhi Daredevils,Deccan Chargers,field,Delhi Daredevils,normal,R Bhatia,Kingsmead
392224,2009,Durban,2009-05-14,44,Royal Challengers Bangalore,Chennai Super Kings,Chennai Super Kings,bat,Royal Challengers Bangalore,normal,LRPL Taylor,Kingsmead
392225,2009,Durban,2009-05-14,45,Mumbai Indians,Rajasthan Royals,Rajasthan Royals,bat,Rajasthan Royals,normal,SK Warne,Kingsmead
392226,2009,Bloemfontein,2009-05-15,46,Delhi Daredevils,Kings XI Punjab,Kings XI Punjab,field,Kings XI Punjab,normal,B Lee,OUTsurance Oval
392227,2009,Port Elizabeth,2009-05-16,47,Chennai Super Kings,Mumbai Indians,Mumbai Indians,bat,Chennai Super Kings,normal,ML Hayden,St George's Park
392228,2009,Johannesburg,2009-05-16,48,Deccan Chargers,Kolkata Knight Riders,Deccan Chargers,field,Deccan Chargers,normal,RG Sharma,New Wanderers Stadium
392229,2009,Johannesburg,2009-05-17,49,Deccan Chargers,Kings XI Punjab,Deccan Chargers,field,Kings XI Punjab,normal,Yuvraj Singh,New Wanderers Stadium
392230,2009,Bloemfontein,2009-05-17,50,Delhi Daredevils,Rajasthan Royals,Delhi Daredevils,bat,Delhi Daredevils,normal,AB de Villiers,OUTsurance Oval
392231,2009,Centurion,2009-05-18,51,Chennai Super Kings,Kolkata Knight Riders,Chennai Super Kings,bat,Kolkata Knight Riders,normal,BJ Hodge,SuperSport Park
392232,2009,Johannesburg,2009-05-19,52,Royal Challengers Bangalore,Delhi Daredevils,Delhi Daredevils,bat,Royal Challengers Bangalore,normal,JH Kallis,New Wanderers Stadium
392233,2009,Durban,2009-05-20,53,Kolkata Knight Riders,Rajasthan Royals,Kolkata Knight Riders,field,Kolkata Knight Riders,normal,LR Shukla,Kingsmead
392234,2009,Durban,2009-05-20,54,Chennai Super Kings,Kings XI Punjab,Chennai Super Kings,bat,Chennai Super Kings,normal,M Muralitharan,Kingsmead
392235,2009,Centurion,2009-05-21,55,Delhi Daredevils,Mumbai Indians,Delhi Daredevils,field,Delhi Daredevils,normal,V Sehwag,SuperSport Park
392236,2009,Centurion,2009-05-21,56,Royal Challengers Bangalore,Deccan Chargers,Royal Challengers Bangalore,bat,Royal Challengers Bangalore,normal,MK Pandey,SuperSport Park
392237,2009,Centurion,2009-05-22,,Delhi Daredevils,Deccan Chargers,Deccan Chargers,field,Deccan Chargers,normal,AC Gilchrist,SuperSport Park
392238,2009,Johannesburg,2009-05-23,,Royal Challengers Bangalore,Chennai Super Kings,Royal Challengers Bangalore,field,Royal Challengers Bangalore,normal,MK Pandey,New Wanderers Stadium
392239,2009,Johannesburg,2009-05-24,,Royal Challengers Bangalore,Deccan Chargers,Royal Challengers Bangalore,field,Deccan Chargers,normal,A Kumble,New Wanderers Stadium
419106,2009/10,Mumbai,2010-03-12,1,Deccan Chargers,Kolkata Knight Riders,Deccan Chargers,field,Kolkata Knight Riders,normal,AD Mathews,Dr DY Patil Sports Academy
419107,2009/10,Mumbai,2010-03-13,2,Mumbai Indians,Rajasthan Royals,Mumbai Indians,bat,Mumbai Indians,normal,YK Pathan,Brabourne Stadium
419108,2009/10,Chandigarh,2010-03-13,3,Kings XI Punjab,Delhi Daredevils,Delhi Daredevils,field,Delhi Daredevils,normal,G Gambhir,"Punjab Cricket Association Stadium, Mohali"
419109,2009/10,Kolkata,2010-03-14,4,Kolkata Knight Riders,Royal Challengers Bangalore,Kolkata Knight Riders,field,Kolkata Knight Riders,normal,MK Tiwary,Eden Gardens
419110,2009/10,Chennai,2010-03-14,5,Chennai Super Kings,Deccan Chargers,Deccan Chargers,bat,Deccan Chargers,normal,WPUJC Vaas,"MA Chidambaram Stadium, Chepauk"
419111,2009/10,Ahmedabad,2010-03-15,6,Rajasthan Royals,Delhi Daredevils,Delhi Daredevils,field,Delhi Daredevils,normal,V Sehwag,"Sardar Patel Stadium, Motera"
419112,2009/10,Bangalore,2010-03-16,7,Royal Challengers Bangalore,Kings XI Punjab,Kings XI Punjab,bat,Royal Challengers Bangalore,normal,JH Kallis,M Chinnaswamy Stadium
419113,2009/10,Kolkata,2010-03-16,8,Kolkata Knight Riders,Chennai Super Kings,Chennai Super Kings,bat,Chennai Super Kings,normal,MS Dhoni,Eden Gardens
419114,2009/10,Delhi,2010-03-17,9,Delhi Daredevils,Mumbai Indians,Delhi Daredevils,field,Mumbai Indians,normal,SR Tendulkar,Feroz Shah Kotla
419115,2009/10,Bangalore,2010-03-18,10,Royal Challengers Bangalore,Rajasthan Royals,Royal Challengers Bangalore,field,Royal Challengers Bangalore,normal,JH Kallis,M Chinnaswamy Stadium
419116,2009/10,Delhi,2010-03-19,11,Delhi Daredevils,Chennai Super Kings,Delhi Daredevils,bat,Chennai Super Kings,normal,ML Hayden,Feroz Shah Kotla
419117,2009/10,Cuttack,2010-03-19,12,Deccan Chargers,Kings XI Punjab,Kings XI Punjab,field,Deccan Chargers,normal,A Symonds,Barabati Stadium
419118,2009/10,Ahmedabad,2010-03-20,13,Rajasthan Royals,Kolkata Knight Riders,Rajasthan Royals,bat,Rajasthan Royals,normal,AA Jhunjhunwala,"Sardar Patel Stadium, Motera"
419119,2009/10,Mumbai,2010-03-20,14,Mumbai Indians,Royal Challengers Bangalore,Mumbai Indians,bat,Royal Challengers Bangalore,normal,JH Kallis,Brabourne Stadium
419120,2009/10,Cuttack,2010-03-21,15,Deccan Chargers,Delhi Daredevils,Deccan Chargers,bat,Deccan Chargers,normal,A Symonds,Barabati Stadium
419121,2009/10,Chennai,2010-03-21,16,Chennai Super Kings,Kings XI Punjab,Chennai Super Kings,field,No Result,tie,J Theron,"MA Chidambaram Stadium, Chepauk"
419122,2009/10,Mumbai,2010-03-22,17,Mumbai Indians,Kolkata Knight Riders,Kolkata Knight Riders,bat,Mumbai Indians,normal,SR Tendulkar,Brabourne Stadium
419123,2009/10,Bangalore,2010-03-23,18,Royal Challengers Bangalore,Chennai Super Kings,Chennai Super Kings,field,Royal Challengers Bangalore,normal,RV Uthappa,M Chinnaswamy Stadium
419124,2009/10,Chandigarh,2010-03-24,19,Kings XI Punjab,Rajasthan Royals,Kings XI Punjab,field,Rajasthan Royals,normal,AC Voges,"Punjab Cricket Association Stadium, Mohali"
419125,2009/10,Mumbai,2010-03-25,21,Chennai Super Kings,Mumbai Indians,Mumbai Indians,field,Mumbai Indians,normal,SR Tendulkar,"Brabourne Stadium, Mumbai"
419128,2009/10,Bangalore,2010-03-25,20,Royal Challengers Bangalore,Delhi Daredevils,Royal Challengers Bangalore,field,Delhi Daredevils,normal,KM Jadhav,M Chinnaswamy Stadium
419126,2009/10,Ahmedabad,2010-03-26,22,Rajasthan Royals,Deccan Chargers,Deccan Chargers,bat,Rajasthan Royals,normal,YK Pathan,"Sardar Patel Stadium, Motera"
419127,2009/10,Chandigarh,2010-03-27,23,Kings XI Punjab,Kolkata Knight Riders,Kolkata Knight Riders,bat,Kolkata Knight Riders,normal,MK Tiwary,"Punjab Cricket Association Stadium, Mohali"
419129,2009/10,Ahmedabad,2010-03-28,24,Rajasthan Royals,Chennai Super Kings,Rajasthan Royals,bat,Rajasthan Royals,normal,NV Ojha,"Sardar Patel Stadium, Motera"
419130,2009/10,Mumbai,2010-03-28,25,Deccan Chargers,Mumbai Indians,Deccan Chargers,field,Mumbai Indians,normal,Harbhajan Singh,Dr DY Patil Sports Academy
419131,2009/10,Delhi,2010-03-29,26,Delhi Daredevils,Kolkata Knight Riders,Delhi Daredevils,bat,Delhi Daredevils,normal,DA Warner,Feroz Shah Kotla
419132,2009/10,Mumbai,2010-03-30,27,Mumbai Indians,Kings XI Punjab,Mumbai Indians,field,Mumbai Indians,normal,SL Malinga,Brabourne Stadium
419133,2009/10,Chennai,2010-03-31,28,Chennai Super Kings,Royal Challengers Bangalore,Royal Challengers Bangalore,bat,Chennai Super Kings,normal,M Vijay,"MA Chidambaram Stadium, Chepauk"
419134,2009/10,Delhi,2010-03-31,29,Delhi Daredevils,Rajasthan Royals,Delhi Daredevils,bat,Delhi Daredevils,normal,KD Karthik,Feroz Shah Kotla
419135,2009/10,Kolkata,2010-04-01,30,Kolkata Knight Riders,Deccan Chargers,Kolkata Knight Riders,bat,Kolkata Knight Riders,normal,SC Ganguly,Eden Gardens
419136,2009/10,Chandigarh,2010-04-02,31,Kings XI Punjab,Royal Challengers Bangalore,Kings XI Punjab,bat,Royal Challengers Bangalore,normal,KP Pietersen,"Punjab Cricket Association Stadium, Mohali"
419137,2009/10,Chennai,2010-04-03,32,Chennai Super Kings,Rajasthan Royals,Chennai Super Kings,bat,Chennai Super Kings,normal,M Vijay,"MA Chidambaram Stadium, Chepauk"
419138,2009/10,Mumbai,2010-04-03,33,Mumbai Indians,Deccan Chargers,Mumbai Indians,bat,Mumbai Indians,normal,AT Rayudu,Brabourne Stadium
419139,2009/10,Kolkata,2010-04-04,34,Kolkata Knight Riders,Kings XI Punjab,Kolkata Knight Riders,bat,Kings XI Punjab,normal,DPMD Jayawardene,Eden Gardens
419140,2009/10,Delhi,2010-04-04,35,Delhi Daredevils,Royal Challengers Bangalore,Delhi Daredevils,bat,Delhi Daredevils,normal,PD Collingwood,Feroz Shah Kotla
419141,2009/10,Nagpur,2010-04-05,36,Deccan Chargers,Rajasthan Royals,Rajasthan Royals,bat,Rajasthan Royals,normal,SK Warne,"Vidarbha Cricket Association Stadium, Jamtha"
419142,2009/10,Chennai,2010-04-06,37,Chennai Super Kings,Mumbai Indians,Chennai Super Kings,bat,Chennai Super Kings,normal,SK Raina,"MA Chidambaram Stadium, Chepauk"
419143,2009/10,Jaipur,2010-04-07,38,Rajasthan Royals,Kings XI Punjab,Kings XI Punjab,bat,Rajasthan Royals,normal,MJ Lumb,Sawai Mansingh Stadium
419144,2009/10,Kolkata,2010-04-07,39,Kolkata Knight Riders,Delhi Daredevils,Kolkata Knight Riders,bat,Kolkata Knight Riders,normal,SC Ganguly,Eden Gardens
419145,2009/10,Bangalore,2010-04-08,40,Royal Challengers Bangalore,Deccan Chargers,Deccan Chargers,field,Deccan Chargers,normal,TL Suman,M Chinnaswamy Stadium
419146,2009/10,Chandigarh,2010-04-09,41,Kings XI Punjab,Mumbai Indians,Mumbai Indians,bat,Kings XI Punjab,normal,KC Sangakkara,"Punjab Cricket Association Stadium, Mohali"
419147,2009/10,Nagpur,2010-04-10,42,Deccan Chargers,Chennai Super Kings,Chennai Super Kings,bat,Deccan Chargers,normal,RJ Harris,"Vidarbha Cricket Association Stadium, Jamtha"
419148,2009/10,Bangalore,2010-04-10,43,Royal Challengers Bangalore,Kolkata Knight Riders,Royal Challengers Bangalore,field,Royal Challengers Bangalore,normal,R Vinay Kumar,M Chinnaswamy Stadium
419149,2009/10,Delhi,2010-04-11,44,Delhi Daredevils,Kings XI Punjab,Delhi Daredevils,bat,Kings XI Punjab,normal,PP Chawla,Feroz Shah Kotla
419150,2009/10,Jaipur,2010-04-11,45,Rajasthan Royals,Mumbai Indians,Rajasthan Royals,field,Mumbai Indians,normal,SR Tendulkar,Sawai Mansingh Stadium
419151,2009/10,Nagpur,2010-04-12,46,Deccan Chargers,Royal Challengers Bangalore,Royal Challengers Bangalore,field,Deccan Chargers,normal,Harmeet Singh,"Vidarbha Cricket Association Stadium, Jamtha"
419152,2009/10,Mumbai,2010-04-13,47,Mumbai Indians,Delhi Daredevils,Mumbai Indians,bat,Mumbai Indians,normal,KA Pollard,Brabourne Stadium
419153,2009/10,Chennai,2010-04-13,48,Chennai Super Kings,Kolkata Knight Riders,Kolkata Knight Riders,bat,Chennai Super Kings,normal,R Ashwin,"MA Chidambaram Stadium, Chepauk"
419154,2009/10,Jaipur,2010-04-14,49,Rajasthan Royals,Royal Challengers Bangalore,Rajasthan Royals,bat,Royal Challengers Bangalore,normal,KP Pietersen,Sawai Mansingh Stadium
419155,2009/10,Chennai,2010-04-15,50,Chennai Super Kings,Delhi Daredevils,Chennai Super Kings,bat,Delhi Daredevils,normal,G Gambhir,"MA Chidambaram Stadium, Chepauk"
419156,2009/10,Dharamsala,2010-04-16,51,Kings XI Punjab,Deccan Chargers,Deccan Chargers,field,Deccan Chargers,normal,RG Sharma,Himachal Pradesh Cricket Association Stadium
419157,2009/10,Bangalore,2010-04-17,52,Royal Challengers Bangalore,Mumbai Indians,Royal Challengers Bangalore,field,Mumbai Indians,normal,R McLaren,M Chinnaswamy Stadium
419158,2009/10,Kolkata,2010-04-17,53,Kolkata Knight Riders,Rajasthan Royals,Rajasthan Royals,bat,Kolkata Knight Riders,normal,JD Unadkat,Eden Gardens
419159,2009/10,Dharamsala,2010-04-18,54,Kings XI Punjab,Chennai Super Kings,Chennai Super Kings,field,Chennai Super Kings,normal,MS Dhoni,Himachal Pradesh Cricket Association Stadium
419160,2009/10,Delhi,2010-04-18,55,Delhi Daredevils,Deccan Chargers,Deccan Chargers,bat,Deccan Chargers,normal,A Symonds,Feroz Shah Kotla
419161,2009/10,Kolkata,2010-04-19,56,Kolkata Knight Riders,Mumbai Indians,Mumbai Indians,bat,Kolkata Knight Riders,normal,M Kartik,Eden Gardens
419162,2009/10,Mumbai,2010-04-21,,Royal Challengers Bangalore,Mumbai Indians,Mumbai Indians,bat,Mumbai Indians,normal,KA Pollard,Dr DY Patil Sports Academy
419163,2009/10,Mumbai,2010-04-22,,Chennai Super Kings,Deccan Chargers,Chennai Super Kings,bat,Chennai Super Kings,normal,DE Bollinger,Dr DY Patil Sports Academy
419164,2009/10,Mumbai,2010-04-24,,Royal Challengers Bangalore,Deccan Chargers,Deccan Chargers,bat,Royal Challengers Bangalore,normal,A Kumble,Dr DY Patil Sports Academy
419165,2009/10,Mumbai,2010-04-25,,Chennai Super Kings,Mumbai Indians,Chennai Super Kings,bat,Chennai Super Kings,normal,SK Raina,Dr DY Patil Sports Academy
501198,2011,Chennai,2011-04-08,1,Chennai Super Kings,Kolkata Knight Riders,Chennai Super Kings,bat,Chennai Super Kings,normal,S Anirudha,"MA Chidambaram Stadium, Chepauk"
501199,2011,Hyderabad,2011-04-09,2,Deccan Chargers,Rajasthan Royals,Rajasthan Royals,field,Rajasthan Royals,normal,SK Trivedi,"Rajiv Gandhi International Stadium, Uppal"
501200,2011,Kochi,2011-04-09,3,Kochi Tuskers Kerala,Royal Challengers Bangalore,Kochi Tuskers Kerala,bat,Royal Challengers Bangalore,normal,AB de Villiers,Nehru Stadium
501201,2011,Delhi,2011-04-10,4,Delhi Daredevils,Mumbai Indians,Delhi Daredevils,bat,Mumbai Indians,normal,SL Malinga,Feroz Shah Kotla
501202,2011,Mumbai,2011-04-10,5,Pune Warriors,Kings XI Punjab,Kings XI Punjab,bat,Pune Warriors,normal,SB Wagh,Dr DY Patil Sports Academy
501203,2011,Kolkata,2011-04-11,6,Kolkata Knight Riders,Deccan Chargers,Kolkata Knight Riders,bat,Kolkata Knight Riders,normal,JH Kallis,Eden Gardens
501204,2011,Jaipur,2011-04-12,7,Rajasthan Royals,Delhi Daredevils,Delhi Daredevils,bat,Rajasthan Royals,normal,SK Warne,Sawai Mansingh Stadium
501205,2011,Bangalore,2011-04-12,8,Royal Challengers Bangalore,Mumbai Indians,Mumbai Indians,field,Mumbai Indians,normal,SR Tendulkar,M Chinnaswamy Stadium
501206,2011,Chandigarh,2011-04-13,9,Kings XI Punjab,Chennai Super Kings,Kings XI Punjab,field,Kings XI Punjab,normal,PC Valthaty,"Punjab Cricket Association Stadium, Mohali"
501207,2011,Mumbai,2011-04-13,10,Pune Warriors,Kochi Tuskers Kerala,Kochi Tuskers Kerala,bat,Pune Warriors,normal,MD Mishra,Dr DY Patil Sports Academy
501208,2011,Hyderabad,2011-04-14,11,Deccan Chargers,Royal Challengers Bangalore,Royal Challengers Bangalore,field,Deccan Chargers,normal,DW Steyn,"Rajiv Gandhi International Stadium, Uppal"
501209,2011,Jaipur,2011-04-15,12,Rajasthan Royals,Kolkata Knight Riders,Kolkata Knight Riders,field,Kolkata Knight Riders,normal,G Gambhir,Sawai Mansingh Stadium
501210,2011,Mumbai,2011-04-15,13,Mumbai Indians,Kochi Tuskers Kerala,Kochi Tuskers Kerala,field,Kochi Tuskers Kerala,normal,BB McCullum,Wankhede Stadium
501211,2011,Chennai,2011-04-16,14,Chennai Super Kings,Royal Challengers Bangalore,Chennai Super Kings,bat,Chennai Super Kings,normal,MEK Hussey,"MA Chidambaram Stadium, Chepauk"
501212,2011,Hyderabad,2011-04-16,15,Deccan Chargers,Kings XI Punjab,Kings XI Punjab,field,Kings XI Punjab,normal,PC Valthaty,"Rajiv Gandhi International Stadium, Uppal"
501213,2011,Mumbai,2011-04-17,16,Pune Warriors,Delhi Daredevils,Delhi Daredevils,field,Delhi Daredevils,normal,Yuvraj Singh,Dr DY Patil Sports Academy
501214,2011,Kolkata,2011-04-17,17,Kolkata Knight Riders,Rajasthan Royals,Kolkata Knight Riders,field,Kolkata Knight Riders,normal,L Balaji,Eden Gardens
501215,2011,Kochi,2011-04-18,18,Kochi Tuskers Kerala,Chennai Super Kings,Kochi Tuskers Kerala,field,Kochi Tuskers Kerala,normal,BB McCullum,Nehru Stadium
501216,2011,Delhi,2011-04-19,19,Delhi Daredevils,Deccan Chargers,Deccan Chargers,bat,Deccan Chargers,normal,S Sohal,Feroz Shah Kotla
501218,2011,Mumbai,2011-04-20,21,Mumbai Indians,Pune Warriors,Pune Warriors,bat,Mumbai Indians,normal,MM Patel,Wankhede Stadium
501219,2011,Kolkata,2011-04-20,22,Kolkata Knight Riders,Kochi Tuskers Kerala,Kolkata Knight Riders,field,Kochi Tuskers Kerala,normal,DPMD Jayawardene,Eden Gardens
501220,2011,Chandigarh,2011-04-21,23,Kings XI Punjab,Rajasthan Royals,Rajasthan Royals,field,Kings XI Punjab,normal,SE Marsh,"Punjab Cricket Association Stadium, Mohali"
501221,2011,Mumbai,2011-04-22,25,Mumbai Indians,Chennai Super Kings,Chennai Super Kings,field,Mumbai Indians,normal,Harbhajan Singh,Wankhede Stadium
501222,2011,Kolkata,2011-04-22,24,Kolkata Knight Riders,Royal Challengers Bangalore,Royal Challengers Bangalore,field,Royal Challengers Bangalore,normal,CH Gayle,Eden Gardens
501223,2011,Delhi,2011-04-23,26,Delhi Daredevils,Kings XI Punjab,Kings XI Punjab,field,Delhi Daredevils,normal,DA Warner,Feroz Shah Kotla
501224,2011,Hyderabad,2011-04-24,27,Deccan Chargers,Mumbai Indians,Deccan Chargers,field,Mumbai Indians,normal,SL Malinga,"Rajiv Gandhi International Stadium, Uppal"
501225,2011,Jaipur,2011-04-24,28,Rajasthan Royals,Kochi Tuskers Kerala,Rajasthan Royals,field,Rajasthan Royals,normal,SK Warne,Sawai Mansingh Stadium
501226,2011,Chennai,2011-04-25,29,Chennai Super Kings,Pune Warriors,Pune Warriors,field,Chennai Super Kings,normal,MEK Hussey,"MA Chidambaram Stadium, Chepauk"
501227,2011,Delhi,2011-04-26,30,Delhi Daredevils,Royal Challengers Bangalore,Royal Challengers Bangalore,field,Royal Challengers Bangalore,normal,V Kohli,Feroz Shah Kotla
501228,2011,Mumbai,2011-04-27,31,Pune Warriors,Chennai Super Kings,Pune Warriors,bat,Chennai Super Kings,normal,DE Bollinger,Dr DY Patil Sports Academy
501229,2011,Kochi,2011-04-27,32,Kochi Tuskers Kerala,Deccan Chargers,Kochi Tuskers Kerala,field,Deccan Chargers,normal,I Sharma,Nehru Stadium
501230,2011,Delhi,2011-04-28,33,Delhi Daredevils,Kolkata Knight Riders,Delhi Daredevils,field,Kolkata Knight Riders,normal,MK Tiwary,Feroz Shah Kotla
501231,2011,Jaipur,2011-04-29,34,Rajasthan Royals,Mumbai Indians,Rajasthan Royals,field,Rajasthan Royals,normal,J Botha,Sawai Mansingh Stadium
501232,2011,Bangalore,2011-04-29,35,Royal Challengers Bangalore,Pune Warriors,Pune Warriors,field,Royal Challengers Bangalore,normal,V Kohli,M Chinnaswamy Stadium
501233,2011,Kochi,2011-04-30,36,Kochi Tuskers Kerala,Delhi Daredevils,Delhi Daredevils,bat,Delhi Daredevils,normal,V Sehwag,Nehru Stadium
501234,2011,Kolkata,2011-04-30,37,Kolkata Knight Riders,Kings XI Punjab,Kolkata Knight Riders,field,Kolkata Knight Riders,normal,Iqbal Abdulla,Eden Gardens
501235,2011,Jaipur,2011-05-01,38,Rajasthan Royals,Pune Warriors,Rajasthan Royals,field,Rajasthan Royals,normal,LRPL Taylor,Sawai Mansingh Stadium
501236,2011,Chennai,2011-05-01,39,Chennai Super Kings,Deccan Chargers,Chennai Super Kings,bat,Chennai Super Kings,normal,JA Morkel,"MA Chidambaram Stadium, Chepauk"
501237,2011,Mumbai,2011-05-02,40,Mumbai Indians,Kings XI Punjab,Kings XI Punjab,field,Mumbai Indians,normal,KA Pollard,Wankhede Stadium
501238,2011,Delhi,2011-05-02,41,Delhi Daredevils,Kochi Tuskers Kerala,Kochi Tuskers Kerala,field,Kochi Tuskers Kerala,normal,P Parameswaran,Feroz Shah Kotla
501239,2011,Hyderabad,2011-05-03,42,Deccan Chargers,Kolkata Knight Riders,Deccan Chargers,field,Kolkata Knight Riders,normal,YK Pathan,"Rajiv Gandhi International Stadium, Uppal"
501240,2011,Chennai,2011-05-04,43,Chennai Super Kings,Rajasthan Royals,Rajasthan Royals,bat,Chennai Super Kings,normal,MEK Hussey,"MA Chidambaram Stadium, Chepauk"
501241,2011,Mumbai,2011-05-04,44,Pune Warriors,Mumbai Indians,Pune Warriors,field,Mumbai Indians,normal,R Sharma,Dr DY Patil Sports Academy
501242,2011,Kochi,2011-05-05,45,Kochi Tuskers Kerala,Kolkata Knight Riders,Kolkata Knight Riders,field,Kochi Tuskers Kerala,normal,BJ Hodge,Nehru Stadium
501243,2011,Hyderabad,2011-05-05,46,Deccan Chargers,Delhi Daredevils,Delhi Daredevils,field,Delhi Daredevils,normal,V Sehwag,"Rajiv Gandhi International Stadium, Uppal"
501244,2011,Bangalore,2011-05-06,47,Royal Challengers Bangalore,Kings XI Punjab,Kings XI Punjab,field,Royal Challengers Bangalore,normal,CH Gayle,M Chinnaswamy Stadium
501245,2011,Kolkata,2011-05-07,48,Kolkata Knight Riders,Chennai Super Kings,Chennai Super Kings,bat,Kolkata Knight Riders,normal,Iqbal Abdulla,Eden Gardens
501246,2011,Mumbai,2011-05-07,49,Mumbai Indians,Delhi Daredevils,Delhi Daredevils,field,Mumbai Indians,normal,AT Rayudu,Wankhede Stadium
501247,2011,Bangalore,2011-05-08,50,Royal Challengers Bangalore,Kochi Tuskers Kerala,Kochi Tuskers Kerala,bat,Royal Challengers Bangalore,normal,CH Gayle,M Chinnaswamy Stadium
501248,2011,Chandigarh,2011-05-08,51,Kings XI Punjab,Pune Warriors,Kings XI Punjab,bat,Pune Warriors,normal,R Sharma,"Punjab Cricket Association Stadium, Mohali"
501249,2011,Jaipur,2011-05-09,52,Rajasthan Royals,Chennai Super Kings,Rajasthan Royals,field,Chennai Super Kings,normal,M Vijay,Sawai Mansingh Stadium
501250,2011,Hyderabad,2011-05-10,53,Deccan Chargers,Pune Warriors,Deccan Chargers,bat,Pune Warriors,normal,MR Marsh,"Rajiv Gandhi International Stadium, Uppal"
501251,2011,Chandigarh,2011-05-10,54,Kings XI Punjab,Mumbai Indians,Mumbai Indians,field,Kings XI Punjab,normal,BA Bhatt,"Punjab Cricket Association Stadium, Mohali"
501252,2011,Jaipur,2011-05-11,55,Rajasthan Royals,Royal Challengers Bangalore,Royal Challengers Bangalore,field,Royal Challengers Bangalore,normal,S Aravind,Sawai Mansingh Stadium
501253,2011,Chennai,2011-05-12,56,Chennai Super Kings,Delhi Daredevils,Chennai Super Kings,bat,Chennai Super Kings,normal,MS Dhoni,"MA Chidambaram Stadium, Chepauk"
501254,2011,Indore,2011-05-13,57,Kochi Tuskers Kerala,Kings XI Punjab,Kings XI Punjab,field,Kings XI Punjab,normal,KD Karthik,Holkar Cricket Stadium
501255,2011,Bangalore,2011-05-14,58,Royal Challengers Bangalore,Kolkata Knight Riders,Royal Challengers Bangalore,field,Royal Challengers Bangalore,normal,CH Gayle,M Chinnaswamy Stadium
501256,2011,Mumbai,2011-05-14,59,Mumbai Indians,Deccan Chargers,Deccan Chargers,bat,Deccan Chargers,normal,A Mishra,Wankhede Stadium
501257,2011,Dharamsala,2011-05-15,60,Kings XI Punjab,Delhi Daredevils,Delhi Daredevils,field,Kings XI Punjab,normal,PP Chawla,Himachal Pradesh Cricket Association Stadium
501258,2011,Indore,2011-05-15,61,Kochi Tuskers Kerala,Rajasthan Royals,Kochi Tuskers Kerala,field,Kochi Tuskers Kerala,normal,BJ Hodge,Holkar Cricket Stadium
501259,2011,Mumbai,2011-05-16,62,Pune Warriors,Deccan Chargers,Deccan Chargers,field,Deccan Chargers,normal,A Mishra,Dr DY Patil Sports Academy
501260,2011,Dharamsala,2011-05-17,63,Kings XI Punjab,Royal Challengers Bangalore,Kings XI Punjab,bat,Kings XI Punjab,normal,AC Gilchrist,Himachal Pradesh Cricket Association Stadium
501261,2011,Chennai,2011-05-18,64,Chennai Super Kings,Kochi Tuskers Kerala,Chennai Super Kings,bat,Chennai Super Kings,normal,WP Saha,"MA Chidambaram Stadium, Chepauk"
501262,2011,Mumbai,2011-05-19,65,Pune Warriors,Kolkata Knight Riders,Kolkata Knight Riders,field,Kolkata Knight Riders,normal,YK Pathan,Dr DY Patil Sports Academy
501263,2011,Mumbai,2011-05-20,66,Mumbai Indians,Rajasthan Royals,Mumbai Indians,bat,Rajasthan Royals,normal,SR Watson,Wankhede Stadium
501264,2011,Dharamsala,2011-05-21,67,Kings XI Punjab,Deccan Chargers,Kings XI Punjab,field,Deccan Chargers,normal,S Dhawan,Himachal Pradesh Cricket Association Stadium
501265,2011,Delhi,2011-05-21,68,Delhi Daredevils,Pune Warriors,Delhi Daredevils,bat,No Result,no result,,Feroz Shah Kotla
501266,2011,Bangalore,2011-05-22,69,Royal Challengers Bangalore,Chennai Super Kings,Royal Challengers Bangalore,field,Royal Challengers Bangalore,normal,CH Gayle,M Chinnaswamy Stadium
501267,2011,Kolkata,2011-05-22,70,Kolkata Knight Riders,Mumbai Indians,Mumbai Indians,field,Mumbai Indians,normal,JEC Franklin,Eden Gardens
501268,2011,Mumbai,2011-05-24,,Royal Challengers Bangalore,Chennai Super Kings,Chennai Super Kings,field,Chennai Super Kings,normal,SK Raina,Wankhede Stadium
501269,2011,Mumbai,2011-05-25,,Mumbai Indians,Kolkata Knight Riders,Mumbai Indians,field,Mumbai Indians,normal,MM Patel,Wankhede Stadium
501270,2011,Chennai,2011-05-27,,Royal Challengers Bangalore,Mumbai Indians,Mumbai Indians,field,Royal Challengers Bangalore,normal,CH Gayle,"MA Chidambaram Stadium, Chepauk"
501271,2011,Chennai,2011-05-28,,Chennai Super Kings,Royal Challengers Bangalore,Chennai Super Kings,bat,Chennai Super Kings,normal,M Vijay,"MA Chidambaram Stadium, Chepauk"
548306,2012,Chennai,2012-04-04,1,Chennai Super Kings,Mumbai Indians,Mumbai Indians,field,Mumbai Indians,normal,RE Levi,"MA Chidambaram Stadium, Chepauk"
548307,2012,Kolkata,2012-04-05,2,Kolkata Knight Riders,Delhi Daredevils,Delhi Daredevils,field,Delhi Daredevils,normal,IK Pathan,Eden Gardens
548308,2012,Mumbai,2012-04-06,3,Mumbai Indians,Pune Warriors,Mumbai Indians,field,Pune Warriors,normal,SPD Smith,Wankhede Stadium
548309,2012,Jaipur,2012-04-06,4,Rajasthan Royals,Kings XI Punjab,Kings XI Punjab,field,Rajasthan Royals,normal,AM Rahane,Sawai Mansingh Stadium
548310,2012,Bangalore,2012-04-07,5,Royal Challengers Bangalore,Delhi Daredevils,Delhi Daredevils,field,Royal Challengers Bangalore,normal,AB de Villiers,M Chinnaswamy Stadium
548311,2012,Visakhapatnam,2012-04-07,6,Deccan Chargers,Chennai Super Kings,Deccan Chargers,field,Chennai Super Kings,normal,RA Jadeja,Dr. Y.S. Rajasekhara Reddy ACA-VDCA Cricket Stadium
548312,2012,Jaipur,2012-04-08,7,Rajasthan Royals,Kolkata Knight Riders,Kolkata Knight Riders,field,Rajasthan Royals,normal,BJ Hodge,Sawai Mansingh Stadium
548313,2012,Pune,2012-04-08,8,Pune Warriors,Kings XI Punjab,Pune Warriors,bat,Pune Warriors,normal,MN Samuels,Subrata Roy Sahara Stadium
548314,2012,Visakhapatnam,2012-04-09,9,Deccan Chargers,Mumbai Indians,Deccan Chargers,bat,Mumbai Indians,normal,RG Sharma,Dr. Y.S. Rajasekhara Reddy ACA-VDCA Cricket Stadium
548315,2012,Bangalore,2012-04-10,10,Royal Challengers Bangalore,Kolkata Knight Riders,Royal Challengers Bangalore,field,Kolkata Knight Riders,normal,L Balaji,M Chinnaswamy Stadium
548316,2012,Delhi,2012-04-10,11,Delhi Daredevils,Chennai Super Kings,Delhi Daredevils,field,Delhi Daredevils,normal,M Morkel,Feroz Shah Kotla
548317,2012,Mumbai,2012-04-11,12,Mumbai Indians,Rajasthan Royals,Rajasthan Royals,field,Mumbai Indians,normal,KA Pollard,Wankhede Stadium
548318,2012,Chennai,2012-04-12,13,Chennai Super Kings,Royal Challengers Bangalore,Royal Challengers Bangalore,bat,Chennai Super Kings,normal,F du Plessis,"MA Chidambaram Stadium, Chepauk"
548319,2012,Chandigarh,2012-04-12,14,Kings XI Punjab,Pune Warriors,Kings XI Punjab,field,Kings XI Punjab,normal,AD Mascarenhas,"Punjab Cricket Association Stadium, Mohali"
548320,2012,Kolkata,2012-04-13,15,Kolkata Knight Riders,Rajasthan Royals,Rajasthan Royals,bat,Kolkata Knight Riders,normal,Shakib Al Hasan,Eden Gardens
548322,2012,Pune,2012-04-14,16,Pune Warriors,Chennai Super Kings,Chennai Super Kings,bat,Pune Warriors,normal,JD Ryder,Subrata Roy Sahara Stadium
548323,2012,Kolkata,2012-04-15,17,Kolkata Knight Riders,Kings XI Punjab,Kolkata Knight Riders,field,Kings XI Punjab,normal,SP Narine,Eden Gardens
548324,2012,Bangalore,2012-04-15,18,Royal Challengers Bangalore,Rajasthan Royals,Rajasthan Royals,bat,Rajasthan Royals,normal,AM Rahane,M Chinnaswamy Stadium
548325,2012,Mumbai,2012-04-16,19,Mumbai Indians,Delhi Daredevils,Delhi Daredevils,field,Delhi Daredevils,normal,S Nadeem,Wankhede Stadium
548326,2012,Jaipur,2012-04-17,20,Rajasthan Royals,Deccan Chargers,Deccan Chargers,bat,Rajasthan Royals,normal,BJ Hodge,Sawai Mansingh Stadium
548327,2012,Bangalore,2012-04-17,21,Royal Challengers Bangalore,Pune Warriors,Pune Warriors,bat,Royal Challengers Bangalore,normal,CH Gayle,M Chinnaswamy Stadium
548328,2012,Chandigarh,2012-04-18,22,Kings XI Punjab,Kolkata Knight Riders,Kings XI Punjab,bat,Kolkata Knight Riders,normal,G Gambhir,"Punjab Cricket Association Stadium, Mohali"
548321,2012,Delhi,2012-04-19,23,Delhi Daredevils,Deccan Chargers,Deccan Chargers,bat,Delhi Daredevils,normal,KP Pietersen,Feroz Shah Kotla
548330,2012,Chennai,2012-04-19,24,Chennai Super Kings,Pune Warriors,Pune Warriors,field,Chennai Super Kings,normal,KMDN Kulasekara,"MA Chidambaram Stadium, Chepauk"
548331,2012,Chandigarh,2012-04-20,25,Kings XI Punjab,Royal Challengers Bangalore,Royal Challengers Bangalore,field,Royal Challengers Bangalore,normal,CH Gayle,"Punjab Cricket Association Stadium, Mohali"
548332,2012,Chennai,2012-04-21,26,Chennai Super Kings,Rajasthan Royals,Rajasthan Royals,bat,Chennai Super Kings,normal,F du Plessis,"MA Chidambaram Stadium, Chepauk"
548333,2012,Delhi,2012-04-21,27,Delhi Daredevils,Pune Warriors,Delhi Daredevils,field,Pune Warriors,normal,SC Ganguly,Feroz Shah Kotla
548334,2012,Mumbai,2012-04-22,28,Mumbai Indians,Kings XI Punjab,Mumbai Indians,bat,Kings XI Punjab,normal,SE Marsh,Wankhede Stadium
548335,2012,Cuttack,2012-04-22,29,Deccan Chargers,Kolkata Knight Riders,Kolkata Knight Riders,field,Kolkata Knight Riders,normal,B Lee,Barabati Stadium
548336,2012,Jaipur,2012-04-23,30,Rajasthan Royals,Royal Challengers Bangalore,Rajasthan Royals,field,Royal Challengers Bangalore,normal,AB de Villiers,Sawai Mansingh Stadium
548337,2012,Pune,2012-04-24,31,Pune Warriors,Delhi Daredevils,Pune Warriors,bat,Delhi Daredevils,normal,V Sehwag,Subrata Roy Sahara Stadium
548339,2012,Chandigarh,2012-04-25,33,Kings XI Punjab,Mumbai Indians,Kings XI Punjab,bat,Mumbai Indians,normal,AT Rayudu,"Punjab Cricket Association Stadium, Mohali"
548341,2012,Pune,2012-04-26,35,Pune Warriors,Deccan Chargers,Deccan Chargers,bat,Deccan Chargers,normal,CL White,Subrata Roy Sahara Stadium
548342,2012,Delhi,2012-04-27,36,Delhi Daredevils,Mumbai Indians,Mumbai Indians,field,Delhi Daredevils,normal,V Sehwag,Feroz Shah Kotla
548343,2012,Chennai,2012-04-28,37,Chennai Super Kings,Kings XI Punjab,Kings XI Punjab,bat,Kings XI Punjab,normal,Mandeep Singh,"MA Chidambaram Stadium, Chepauk"
548344,2012,Kolkata,2012-04-28,38,Kolkata Knight Riders,Royal Challengers Bangalore,Kolkata Knight Riders,bat,Kolkata Knight Riders,normal,G Gambhir,Eden Gardens
548345,2012,Delhi,2012-04-29,39,Delhi Daredevils,Rajasthan Royals,Delhi Daredevils,bat,Delhi Daredevils,normal,V Sehwag,Feroz Shah Kotla
548346,2012,Mumbai,2012-04-29,40,Mumbai Indians,Deccan Chargers,Mumbai Indians,field,Mumbai Indians,normal,DW Steyn,Wankhede Stadium
548347,2012,Chennai,2012-04-30,41,Chennai Super Kings,Kolkata Knight Riders,Chennai Super Kings,bat,Kolkata Knight Riders,normal,G Gambhir,"MA Chidambaram Stadium, Chepauk"
548348,2012,Cuttack,2012-05-01,42,Deccan Chargers,Pune Warriors,Deccan Chargers,bat,Deccan Chargers,normal,KC Sangakkara,Barabati Stadium
548349,2012,Jaipur,2012-05-01,43,Rajasthan Royals,Delhi Daredevils,Rajasthan Royals,bat,Delhi Daredevils,normal,P Negi,Sawai Mansingh Stadium
548350,2012,Bangalore,2012-05-02,44,Royal Challengers Bangalore,Kings XI Punjab,Kings XI Punjab,field,Kings XI Punjab,normal,Azhar Mahmood,M Chinnaswamy Stadium
548351,2012,Pune,2012-05-03,45,Pune Warriors,Mumbai Indians,Mumbai Indians,bat,Mumbai Indians,normal,SL Malinga,Subrata Roy Sahara Stadium
548352,2012,Chennai,2012-05-04,46,Chennai Super Kings,Deccan Chargers,Chennai Super Kings,bat,Chennai Super Kings,normal,SK Raina,"MA Chidambaram Stadium, Chepauk"
548353,2012,Kolkata,2012-05-05,47,Kolkata Knight Riders,Pune Warriors,Kolkata Knight Riders,bat,Kolkata Knight Riders,normal,SP Narine,Eden Gardens
548354,2012,Chandigarh,2012-05-05,48,Kings XI Punjab,Rajasthan Royals,Rajasthan Royals,bat,Rajasthan Royals,normal,SR Watson,"Punjab Cricket Association Stadium, Mohali"
548355,2012,Mumbai,2012-05-06,49,Mumbai Indians,Chennai Super Kings,Mumbai Indians,field,Mumbai Indians,normal,DR Smith,Wankhede Stadium
548356,2012,Bangalore,2012-05-06,50,Royal Challengers Bangalore,Deccan Chargers,Royal Challengers Bangalore,field,Royal Challengers Bangalore,normal,AB de Villiers,M Chinnaswamy Stadium
548357,2012,Delhi,2012-05-07,51,Delhi Daredevils,Kolkata Knight Riders,Delhi Daredevils,bat,Kolkata Knight Riders,normal,JH Kallis,Feroz Shah Kotla
548358,2012,Pune,2012-05-08,52,Pune Warriors,Rajasthan Royals,Pune Warriors,bat,Rajasthan Royals,normal,SR Watson,Subrata Roy Sahara Stadium
548359,2012,Hyderabad,2012-05-08,53,Deccan Chargers,Kings XI Punjab,Deccan Chargers,field,Kings XI Punjab,normal,Mandeep Singh,"Rajiv Gandhi International Stadium, Uppal"
548360,2012,Mumbai,2012-05-09,54,Mumbai Indians,Royal Challengers Bangalore,Royal Challengers Bangalore,field,Royal Challengers Bangalore,normal,CH Gayle,Wankhede Stadium
548329,2012,Hyderabad,2012-05-10,55,Deccan Chargers,Delhi Daredevils,Deccan Chargers,bat,Delhi Daredevils,normal,DA Warner,"Rajiv Gandhi International Stadium, Uppal"
548361,2012,Jaipur,2012-05-10,56,Rajasthan Royals,Chennai Super Kings,Chennai Super Kings,field,Chennai Super Kings,normal,BW Hilfenhaus,Sawai Mansingh Stadium
548362,2012,Pune,2012-05-11,57,Pune Warriors,Royal Challengers Bangalore,Pune Warriors,field,Royal Challengers Bangalore,normal,CH Gayle,Subrata Roy Sahara Stadium
548363,2012,Kolkata,2012-05-12,58,Kolkata Knight Riders,Mumbai Indians,Mumbai Indians,bat,Mumbai Indians,normal,RG Sharma,Eden Gardens
548364,2012,Chennai,2012-05-12,59,Chennai Super Kings,Delhi Daredevils,Chennai Super Kings,field,Chennai Super Kings,normal,BW Hilfenhaus,"MA Chidambaram Stadium, Chepauk"
548365,2012,Jaipur,2012-05-13,60,Rajasthan Royals,Pune Warriors,Rajasthan Royals,bat,Rajasthan Royals,normal,A Chandila,Sawai Mansingh Stadium
548366,2012,Chandigarh,2012-05-13,61,Kings XI Punjab,Deccan Chargers,Deccan Chargers,bat,Kings XI Punjab,normal,DJ Hussey,"Punjab Cricket Association Stadium, Mohali"
548367,2012,Bangalore,2012-05-14,62,Royal Challengers Bangalore,Mumbai Indians,Mumbai Indians,field,Mumbai Indians,normal,AT Rayudu,M Chinnaswamy Stadium
548368,2012,Kolkata,2012-05-14,63,Kolkata Knight Riders,Chennai Super Kings,Chennai Super Kings,field,Chennai Super Kings,normal,MEK Hussey,Eden Gardens
548369,2012,Delhi,2012-05-15,64,Delhi Daredevils,Kings XI Punjab,Kings XI Punjab,bat,Delhi Daredevils,normal,UT Yadav,Feroz Shah Kotla
548370,2012,Mumbai,2012-05-16,65,Mumbai Indians,Kolkata Knight Riders,Mumbai Indians,field,Kolkata Knight Riders,normal,SP Narine,Wankhede Stadium
548371,2012,Dharamsala,2012-05-17,66,Kings XI Punjab,Chennai Super Kings,Kings XI Punjab,field,Kings XI Punjab,normal,AC Gilchrist,Himachal Pradesh Cricket Association Stadium
548372,2012,Delhi,2012-05-17,67,Delhi Daredevils,Royal Challengers Bangalore,Delhi Daredevils,field,Royal Challengers Bangalore,normal,CH Gayle,Feroz Shah Kotla
548373,2012,Hyderabad,2012-05-18,68,Deccan Chargers,Rajasthan Royals,Rajasthan Royals,bat,Deccan Chargers,normal,DW Steyn,"Rajiv Gandhi International Stadium, Uppal"
548374,2012,Dharamsala,2012-05-19,69,Kings XI Punjab,Delhi Daredevils,Delhi Daredevils,field,Delhi Daredevils,normal,UT Yadav,Himachal Pradesh Cricket Association Stadium
548375,2012,Pune,2012-05-19,70,Pune Warriors,Kolkata Knight Riders,Kolkata Knight Riders,bat,Kolkata Knight Riders,normal,Shakib Al Hasan,Subrata Roy Sahara Stadium
548376,2012,Hyderabad,2012-05-20,71,Deccan Chargers,Royal Challengers Bangalore,Royal Challengers Bangalore,field,Deccan Chargers,normal,DW Steyn,"Rajiv Gandhi International Stadium, Uppal"
548377,2012,Jaipur,2012-05-20,72,Rajasthan Royals,Mumbai Indians,Rajasthan Royals,bat,Mumbai Indians,normal,DR Smith,Sawai Mansingh Stadium
548378,2012,Pune,2012-05-22,,Delhi Daredevils,Kolkata Knight Riders,Kolkata Knight Riders,bat,Kolkata Knight Riders,normal,YK Pathan,Subrata Roy Sahara Stadium
548379,2012,Bangalore,2012-05-23,,Chennai Super Kings,Mumbai Indians,Mumbai Indians,field,Chennai Super Kings,normal,MS Dhoni,M Chinnaswamy Stadium
548380,2012,Chennai,2012-05-25,,Delhi Daredevils,Chennai Super Kings,Delhi Daredevils,field,Chennai Super Kings,normal,M Vijay,"MA Chidambaram Stadium, Chepauk"
548381,2012,Chennai,2012-05-27,,Kolkata Knight Riders,Chennai Super Kings,Chennai Super Kings,bat,Kolkata Knight Riders,normal,MS Bisla,"MA Chidambaram Stadium, Chepauk"
597998,2013,Kolkata,2013-04-03,1,Kolkata Knight Riders,Delhi Daredevils,Kolkata Knight Riders,field,Kolkata Knight Riders,normal,SP Narine,Eden Gardens
597999,2013,Bangalore,2013-04-04,2,Royal Challengers Bangalore,Mumbai Indians,Mumbai Indians,field,Royal Challengers Bangalore,normal,CH Gayle,M Chinnaswamy Stadium
598000,2013,Hyderabad,2013-04-05,3,Sunrisers Hyderabad,Pune Warriors,Pune Warriors,field,Sunrisers Hyderabad,normal,A Mishra,"Rajiv Gandhi International Stadium, Uppal"
598001,2013,Delhi,2013-04-06,4,Delhi Daredevils,Rajasthan Royals,Rajasthan Royals,bat,Rajasthan Royals,normal,R Dravid,Feroz Shah Kotla
598002,2013,Chennai,2013-04-06,5,Chennai Super Kings,Mumbai Indians,Mumbai Indians,bat,Mumbai Indians,normal,KA Pollard,"MA Chidambaram Stadium, Chepauk"
598003,2013,Pune,2013-04-07,6,Pune Warriors,Kings XI Punjab,Pune Warriors,bat,Kings XI Punjab,normal,M Vohra,Subrata Roy Sahara Stadium
598004,2013,Hyderabad,2013-04-07,7,Sunrisers Hyderabad,Royal Challengers Bangalore,Royal Challengers Bangalore,bat,No Result,tie,GH Vihari,"Rajiv Gandhi International Stadium, Uppal"
598005,2013,Jaipur,2013-04-08,8,Rajasthan Royals,Kolkata Knight Riders,Kolkata Knight Riders,field,Rajasthan Royals,normal,SK Trivedi,Sawai Mansingh Stadium
598006,2013,Mumbai,2013-04-09,10,Mumbai Indians,Delhi Daredevils,Mumbai Indians,bat,Mumbai Indians,normal,KD Karthik,Wankhede Stadium
598048,2013,Bangalore,2013-04-09,9,Royal Challengers Bangalore,Sunrisers Hyderabad,Sunrisers Hyderabad,bat,Royal Challengers Bangalore,normal,V Kohli,M Chinnaswamy Stadium
598007,2013,Chandigarh,2013-04-10,11,Kings XI Punjab,Chennai Super Kings,Chennai Super Kings,field,Chennai Super Kings,normal,MEK Hussey,"Punjab Cricket Association Stadium, Mohali"
598008,2013,Bangalore,2013-04-11,12,Royal Challengers Bangalore,Kolkata Knight Riders,Royal Challengers Bangalore,field,Royal Challengers Bangalore,normal,CH Gayle,M Chinnaswamy Stadium
598009,2013,Pune,2013-04-11,13,Pune Warriors,Rajasthan Royals,Rajasthan Royals,bat,Pune Warriors,normal,AJ Finch,Subrata Roy Sahara Stadium
598010,2013,Delhi,2013-04-12,14,Delhi Daredevils,Sunrisers Hyderabad,Delhi Daredevils,bat,Sunrisers Hyderabad,normal,A Mishra,Feroz Shah Kotla
598011,2013,Mumbai,2013-04-13,15,Mumbai Indians,Pune Warriors,Mumbai Indians,bat,Mumbai Indians,normal,RG Sharma,Wankhede Stadium
598012,2013,Chennai,2013-04-13,16,Chennai Super Kings,Royal Challengers Bangalore,Chennai Super Kings,field,Chennai Super Kings,normal,RA Jadeja,"MA Chidambaram Stadium, Chepauk"
598013,2013,Kolkata,2013-04-14,17,Kolkata Knight Riders,Sunrisers Hyderabad,Kolkata Knight Riders,bat,Kolkata Knight Riders,normal,G Gambhir,Eden Gardens
598014,2013,Jaipur,2013-04-14,18,Rajasthan Royals,Kings XI Punjab,Rajasthan Royals,field,Rajasthan Royals,normal,JP Faulkner,Sawai Mansingh Stadium
598015,2013,Chennai,2013-04-15,19,Chennai Super Kings,Pune Warriors,Pune Warriors,bat,Pune Warriors,normal,SPD Smith,"MA Chidambaram Stadium, Chepauk"
598016,2013,Chandigarh,2013-04-16,20,Kings XI Punjab,Kolkata Knight Riders,Kolkata Knight Riders,field,Kings XI Punjab,normal,MS Gony,"Punjab Cricket Association Stadium, Mohali"
598017,2013,Bangalore,2013-04-16,21,Royal Challengers Bangalore,Delhi Daredevils,Royal Challengers Bangalore,field,No Result,tie,V Kohli,M Chinnaswamy Stadium
598018,2013,Pune,2013-04-17,22,Pune Warriors,Sunrisers Hyderabad,Pune Warriors,field,Sunrisers Hyderabad,normal,A Mishra,Maharashtra Cricket Association Stadium
598019,2013,Jaipur,2013-04-17,23,Rajasthan Royals,Mumbai Indians,Rajasthan Royals,bat,Rajasthan Royals,normal,AM Rahane,Sawai Mansingh Stadium
598020,2013,Delhi,2013-04-18,24,Delhi Daredevils,Chennai Super Kings,Chennai Super Kings,bat,Chennai Super Kings,normal,MEK Hussey,Feroz Shah Kotla
598021,2013,Hyderabad,2013-04-19,25,Sunrisers Hyderabad,Kings XI Punjab,Kings XI Punjab,bat,Sunrisers Hyderabad,normal,GH Vihari,"Rajiv Gandhi International Stadium, Uppal"
598022,2013,Kolkata,2013-04-20,26,Kolkata Knight Riders,Chennai Super Kings,Kolkata Knight Riders,bat,Chennai Super Kings,normal,RA Jadeja,Eden Gardens
598023,2013,Bangalore,2013-04-20,27,Royal Challengers Bangalore,Rajasthan Royals,Royal Challengers Bangalore,field,Royal Challengers Bangalore,normal,R Vinay Kumar,M Chinnaswamy Stadium
598024,2013,Delhi,2013-04-21,28,Delhi Daredevils,Mumbai Indians,Mumbai Indians,bat,Delhi Daredevils,normal,V Sehwag,Feroz Shah Kotla
598025,2013,Chandigarh,2013-04-21,29,Kings XI Punjab,Pune Warriors,Kings XI Punjab,field,Kings XI Punjab,normal,DA Miller,"Punjab Cricket Association Stadium, Mohali"
598026,2013,Chennai,2013-04-22,30,Chennai Super Kings,Rajasthan Royals,Rajasthan Royals,bat,Chennai Super Kings,normal,MEK Hussey,"MA Chidambaram Stadium, Chepauk"
598027,2013,Bangalore,2013-04-23,31,Royal Challengers Bangalore,Pune Warriors,Pune Warriors,field,Royal Challengers Bangalore,normal,CH Gayle,M Chinnaswamy Stadium
598059,2013,Delhi,2013-04-23,32,Delhi Daredevils,Kings XI Punjab,Kings XI Punjab,field,Kings XI Punjab,normal,Harmeet Singh,Feroz Shah Kotla
598029,2013,Kolkata,2013-04-24,33,Kolkata Knight Riders,Mumbai Indians,Kolkata Knight Riders,bat,Mumbai Indians,normal,DR Smith,Eden Gardens
598030,2013,Chennai,2013-04-25,34,Chennai Super Kings,Sunrisers Hyderabad,Sunrisers Hyderabad,bat,Chennai Super Kings,normal,MS Dhoni,"MA Chidambaram Stadium, Chepauk"
598031,2013,Kolkata,2013-04-26,35,Kolkata Knight Riders,Kings XI Punjab,Kings XI Punjab,bat,Kolkata Knight Riders,normal,JH Kallis,Eden Gardens
598032,2013,Jaipur,2013-04-27,36,Rajasthan Royals,Sunrisers Hyderabad,Sunrisers Hyderabad,bat,Rajasthan Royals,normal,JP Faulkner,Sawai Mansingh Stadium
598033,2013,Mumbai,2013-04-27,37,Mumbai Indians,Royal Challengers Bangalore,Mumbai Indians,bat,Mumbai Indians,normal,DR Smith,Wankhede Stadium
598034,2013,Chennai,2013-04-28,38,Chennai Super Kings,Kolkata Knight Riders,Kolkata Knight Riders,field,Chennai Super Kings,normal,MEK Hussey,"MA Chidambaram Stadium, Chepauk"
598035,2013,Raipur,2013-04-28,39,Delhi Daredevils,Pune Warriors,Pune Warriors,field,Delhi Daredevils,normal,DA Warner,Shaheed Veer Narayan Singh International Stadium
598036,2013,Jaipur,2013-04-29,40,Rajasthan Royals,Royal Challengers Bangalore,Rajasthan Royals,field,Rajasthan Royals,normal,SV Samson,Sawai Mansingh Stadium
598037,2013,Mumbai,2013-04-29,41,Mumbai Indians,Kings XI Punjab,Mumbai Indians,bat,Mumbai Indians,normal,RG Sharma,Wankhede Stadium
598038,2013,Pune,2013-04-30,42,Pune Warriors,Chennai Super Kings,Chennai Super Kings,bat,Chennai Super Kings,normal,MS Dhoni,Subrata Roy Sahara Stadium
598039,2013,Hyderabad,2013-05-01,43,Sunrisers Hyderabad,Mumbai Indians,Mumbai Indians,bat,Sunrisers Hyderabad,normal,I Sharma,"Rajiv Gandhi International Stadium, Uppal"
598040,2013,Raipur,2013-05-01,44,Delhi Daredevils,Kolkata Knight Riders,Kolkata Knight Riders,bat,Delhi Daredevils,normal,DA Warner,Shaheed Veer Narayan Singh International Stadium
598041,2013,Chennai,2013-05-02,45,Chennai Super Kings,Kings XI Punjab,Chennai Super Kings,bat,Chennai Super Kings,normal,SK Raina,"MA Chidambaram Stadium, Chepauk"
598042,2013,Pune,2013-05-02,46,Pune Warriors,Royal Challengers Bangalore,Royal Challengers Bangalore,bat,Royal Challengers Bangalore,normal,AB de Villiers,Subrata Roy Sahara Stadium
598043,2013,Kolkata,2013-05-03,47,Kolkata Knight Riders,Rajasthan Royals,Rajasthan Royals,bat,Kolkata Knight Riders,normal,YK Pathan,Eden Gardens
598044,2013,Hyderabad,2013-05-04,48,Sunrisers Hyderabad,Delhi Daredevils,Delhi Daredevils,bat,Sunrisers Hyderabad,normal,DJG Sammy,"Rajiv Gandhi International Stadium, Uppal"
598046,2013,Mumbai,2013-05-05,49,Mumbai Indians,Chennai Super Kings,Mumbai Indians,bat,Mumbai Indians,normal,MG Johnson,Wankhede Stadium
598047,2013,Jaipur,2013-05-05,50,Rajasthan Royals,Pune Warriors,Pune Warriors,bat,Rajasthan Royals,normal,AM Rahane,Sawai Mansingh Stadium
598064,2013,Chandigarh,2013-05-06,51,Kings XI Punjab,Royal Challengers Bangalore,Kings XI Punjab,field,Kings XI Punjab,normal,DA Miller,"Punjab Cricket Association Stadium, Mohali"
598049,2013,Jaipur,2013-05-07,52,Rajasthan Royals,Delhi Daredevils,Delhi Daredevils,bat,Rajasthan Royals,normal,AM Rahane,Sawai Mansingh Stadium
598050,2013,Mumbai,2013-05-07,53,Mumbai Indians,Kolkata Knight Riders,Mumbai Indians,bat,Mumbai Indians,normal,SR Tendulkar,Wankhede Stadium
598051,2013,Hyderabad,2013-05-08,54,Sunrisers Hyderabad,Chennai Super Kings,Sunrisers Hyderabad,field,Chennai Super Kings,normal,SK Raina,"Rajiv Gandhi International Stadium, Uppal"
598052,2013,Chandigarh,2013-05-09,55,Kings XI Punjab,Rajasthan Royals,Rajasthan Royals,field,Rajasthan Royals,normal,KK Cooper,"Punjab Cricket Association Stadium, Mohali"
598053,2013,Pune,2013-05-09,56,Pune Warriors,Kolkata Knight Riders,Kolkata Knight Riders,bat,Kolkata Knight Riders,normal,G Gambhir,Subrata Roy Sahara Stadium
598054,2013,Delhi,2013-05-10,57,Delhi Daredevils,Royal Challengers Bangalore,Delhi Daredevils,field,Royal Challengers Bangalore,normal,JD Unadkat,Feroz Shah Kotla
598055,2013,Pune,2013-05-11,58,Pune Warriors,Mumbai Indians,Pune Warriors,bat,Mumbai Indians,normal,MG Johnson,Subrata Roy Sahara Stadium
598056,2013,Chandigarh,2013-05-11,59,Kings XI Punjab,Sunrisers Hyderabad,Kings XI Punjab,field,Sunrisers Hyderabad,normal,PA Patel,"Punjab Cricket Association Stadium, Mohali"
598057,2013,Ranchi,2013-05-12,60,Kolkata Knight Riders,Royal Challengers Bangalore,Kolkata Knight Riders,field,Kolkata Knight Riders,normal,JH Kallis,JSCA International Stadium Complex
598058,2013,Jaipur,2013-05-12,61,Rajasthan Royals,Chennai Super Kings,Rajasthan Royals,field,Rajasthan Royals,normal,SR Watson,Sawai Mansingh Stadium
598060,2013,Mumbai,2013-05-13,62,Mumbai Indians,Sunrisers Hyderabad,Sunrisers Hyderabad,bat,Mumbai Indians,normal,KA Pollard,Wankhede Stadium
598045,2013,Bangalore,2013-05-14,63,Royal Challengers Bangalore,Kings XI Punjab,Kings XI Punjab,field,Kings XI Punjab,normal,AC Gilchrist,M Chinnaswamy Stadium
598062,2013,Chennai,2013-05-14,64,Chennai Super Kings,Delhi Daredevils,Chennai Super Kings,bat,Chennai Super Kings,normal,MS Dhoni,"MA Chidambaram Stadium, Chepauk"
598061,2013,Ranchi,2013-05-15,65,Kolkata Knight Riders,Pune Warriors,Kolkata Knight Riders,field,Pune Warriors,normal,MK Pandey,JSCA International Stadium Complex
598063,2013,Mumbai,2013-05-15,66,Mumbai Indians,Rajasthan Royals,Rajasthan Royals,field,Mumbai Indians,normal,AP Tare,Wankhede Stadium
598028,2013,Dharamsala,2013-05-16,67,Kings XI Punjab,Delhi Daredevils,Delhi Daredevils,field,Kings XI Punjab,normal,DA Miller,Himachal Pradesh Cricket Association Stadium
598065,2013,Hyderabad,2013-05-17,68,Sunrisers Hyderabad,Rajasthan Royals,Sunrisers Hyderabad,bat,Sunrisers Hyderabad,normal,A Mishra,"Rajiv Gandhi International Stadium, Uppal"
598066,2013,Dharamsala,2013-05-18,69,Kings XI Punjab,Mumbai Indians,Mumbai Indians,field,Kings XI Punjab,normal,Azhar Mahmood,Himachal Pradesh Cricket Association Stadium
598068,2013,Bangalore,2013-05-18,70,Royal Challengers Bangalore,Chennai Super Kings,Chennai Super Kings,field,Royal Challengers Bangalore,normal,V Kohli,M Chinnaswamy Stadium
598067,2013,Pune,2013-05-19,71,Pune Warriors,Delhi Daredevils,Pune Warriors,bat,Pune Warriors,normal,LJ Wright,Subrata Roy Sahara Stadium
598069,2013,Hyderabad,2013-05-19,72,Sunrisers Hyderabad,Kolkata Knight Riders,Kolkata Knight Riders,bat,Sunrisers Hyderabad,normal,PA Patel,"Rajiv Gandhi International Stadium, Uppal"
598070,2013,Delhi,2013-05-21,,Chennai Super Kings,Mumbai Indians,Chennai Super Kings,bat,Chennai Super Kings,normal,MEK Hussey,Feroz Shah Kotla
598071,2013,Delhi,2013-05-22,,Rajasthan Royals,Sunrisers Hyderabad,Sunrisers Hyderabad,bat,Rajasthan Royals,normal,BJ Hodge,Feroz Shah Kotla
598072,2013,Kolkata,2013-05-24,,Mumbai Indians,Rajasthan Royals,Rajasthan Royals,bat,Mumbai Indians,normal,Harbhajan Singh,Eden Gardens
598073,2013,Kolkata,2013-05-26,,Chennai Super Kings,Mumbai Indians,Mumbai Indians,bat,Mumbai Indians,normal,KA Pollard,Eden Gardens
729279,2014,Abu Dhabi,2014-04-16,1,Mumbai Indians,Kolkata Knight Riders,Kolkata Knight Riders,bat,Kolkata Knight Riders,normal,JH Kallis,Sheikh Zayed Stadium
729281,2014,Unknown,2014-04-17,2,Delhi Daredevils,Royal Challengers Bangalore,Royal Challengers Bangalore,field,Royal Challengers Bangalore,normal,YS Chahal,Sharjah Cricket Stadium
729283,2014,Abu Dhabi,2014-04-18,3,Chennai Super Kings,Kings XI Punjab,Chennai Super Kings,bat,Kings XI Punjab,normal,GJ Maxwell,Sheikh Zayed Stadium
729285,2014,Abu Dhabi,2014-04-18,4,Sunrisers Hyderabad,Rajasthan Royals,Rajasthan Royals,field,Rajasthan Royals,normal,AM Rahane,Sheikh Zayed Stadium
729287,2014,Unknown,2014-04-19,5,Royal Challengers Bangalore,Mumbai Indians,Royal Challengers Bangalore,field,Royal Challengers Bangalore,normal,PA Patel,Dubai International Cricket Stadium
729289,2014,Unknown,2014-04-19,6,Kolkata Knight Riders,Delhi Daredevils,Kolkata Knight Riders,bat,Delhi Daredevils,normal,JP Duminy,Dubai International Cricket Stadium
729291,2014,Unknown,2014-04-20,7,Rajasthan Royals,Kings XI Punjab,Kings XI Punjab,field,Kings XI Punjab,normal,GJ Maxwell,Sharjah Cricket Stadium
729293,2014,Abu Dhabi,2014-04-21,8,Chennai Super Kings,Delhi Daredevils,Chennai Super Kings,bat,Chennai Super Kings,normal,SK Raina,Sheikh Zayed Stadium
729295,2014,Unknown,2014-04-22,9,Kings XI Punjab,Sunrisers Hyderabad,Sunrisers Hyderabad,field,Kings XI Punjab,normal,GJ Maxwell,Sharjah Cricket Stadium
729297,2014,Unknown,2014-04-23,10,Rajasthan Royals,Chennai Super Kings,Rajasthan Royals,field,Chennai Super Kings,normal,RA Jadeja,Dubai International Cricket Stadium
729299,2014,Unknown,2014-04-24,11,Royal Challengers Bangalore,Kolkata Knight Riders,Royal Challengers Bangalore,field,Kolkata Knight Riders,normal,CA Lynn,Sharjah Cricket Stadium
729301,2014,Unknown,2014-04-25,12,Sunrisers Hyderabad,Delhi Daredevils,Sunrisers Hyderabad,bat,Sunrisers Hyderabad,normal,AJ Finch,Dubai International Cricket Stadium
729303,2014,Unknown,2014-04-25,13,Chennai Super Kings,Mumbai Indians,Mumbai Indians,bat,Chennai Super Kings,normal,MM Sharma,Dubai International Cricket Stadium
729305,2014,Abu Dhabi,2014-04-26,14,Rajasthan Royals,Royal Challengers Bangalore,Rajasthan Royals,field,Rajasthan Royals,normal,PV Tambe,Sheikh Zayed Stadium
729307,2014,Abu Dhabi,2014-04-26,15,Kolkata Knight Riders,Kings XI Punjab,Kolkata Knight Riders,field,Kings XI Punjab,normal,Sandeep Sharma,Sheikh Zayed Stadium
729309,2014,Unknown,2014-04-27,16,Delhi Daredevils,Mumbai Indians,Mumbai Indians,bat,Delhi Daredevils,normal,M Vijay,Sharjah Cricket Stadium
729311,2014,Unknown,2014-04-27,17,Sunrisers Hyderabad,Chennai Super Kings,Sunrisers Hyderabad,bat,Chennai Super Kings,normal,DR Smith,Sharjah Cricket Stadium
729313,2014,Unknown,2014-04-28,18,Kings XI Punjab,Royal Challengers Bangalore,Kings XI Punjab,field,Kings XI Punjab,normal,Sandeep Sharma,Dubai International Cricket Stadium
729315,2014,Abu Dhabi,2014-04-29,19,Kolkata Knight Riders,Rajasthan Royals,Rajasthan Royals,bat,No Result,tie,JP Faulkner,Sheikh Zayed Stadium
729317,2014,Unknown,2014-04-30,20,Mumbai Indians,Sunrisers Hyderabad,Mumbai Indians,field,Sunrisers Hyderabad,normal,B Kumar,Dubai International Cricket Stadium
733971,2014,Ranchi,2014-05-02,21,Chennai Super Kings,Kolkata Knight Riders,Chennai Super Kings,bat,Chennai Super Kings,normal,RA Jadeja,JSCA International Stadium Complex
733973,2014,Mumbai,2014-05-03,22,Mumbai Indians,Kings XI Punjab,Kings XI Punjab,bat,Mumbai Indians,normal,CJ Anderson,Wankhede Stadium
733975,2014,Delhi,2014-05-03,23,Delhi Daredevils,Rajasthan Royals,Rajasthan Royals,field,Rajasthan Royals,normal,KK Nair,Feroz Shah Kotla
733977,2014,Bangalore,2014-05-04,24,Royal Challengers Bangalore,Sunrisers Hyderabad,Royal Challengers Bangalore,field,Royal Challengers Bangalore,normal,AB de Villiers,M Chinnaswamy Stadium
733979,2014,Ahmedabad,2014-05-05,25,Rajasthan Royals,Kolkata Knight Riders,Kolkata Knight Riders,field,Rajasthan Royals,normal,PV Tambe,"Sardar Patel Stadium, Motera"
733981,2014,Delhi,2014-05-05,26,Delhi Daredevils,Chennai Super Kings,Chennai Super Kings,field,Chennai Super Kings,normal,DR Smith,Feroz Shah Kotla
733983,2014,Mumbai,2014-05-06,27,Mumbai Indians,Royal Challengers Bangalore,Royal Challengers Bangalore,field,Mumbai Indians,normal,RG Sharma,Wankhede Stadium
733985,2014,Delhi,2014-05-07,28,Delhi Daredevils,Kolkata Knight Riders,Delhi Daredevils,bat,Kolkata Knight Riders,normal,G Gambhir,Feroz Shah Kotla
733987,2014,Cuttack,2014-05-07,29,Kings XI Punjab,Chennai Super Kings,Chennai Super Kings,field,Kings XI Punjab,normal,GJ Maxwell,Barabati Stadium
733989,2014,Ahmedabad,2014-05-08,30,Rajasthan Royals,Sunrisers Hyderabad,Rajasthan Royals,field,Sunrisers Hyderabad,normal,B Kumar,"Sardar Patel Stadium, Motera"
733991,2014,Bangalore,2014-05-09,31,Royal Challengers Bangalore,Kings XI Punjab,Royal Challengers Bangalore,field,Kings XI Punjab,normal,Sandeep Sharma,M Chinnaswamy Stadium
733993,2014,Delhi,2014-05-10,32,Delhi Daredevils,Sunrisers Hyderabad,Sunrisers Hyderabad,field,Sunrisers Hyderabad,normal,DW Steyn,Feroz Shah Kotla
733995,2014,Mumbai,2014-05-10,33,Mumbai Indians,Chennai Super Kings,Chennai Super Kings,field,Chennai Super Kings,normal,DR Smith,Wankhede Stadium
733997,2014,Cuttack,2014-05-11,34,Kings XI Punjab,Kolkata Knight Riders,Kolkata Knight Riders,field,Kolkata Knight Riders,normal,G Gambhir,Barabati Stadium
733999,2014,Bangalore,2014-05-11,35,Royal Challengers Bangalore,Rajasthan Royals,Royal Challengers Bangalore,bat,Rajasthan Royals,normal,JP Faulkner,M Chinnaswamy Stadium
734001,2014,Hyderabad,2014-05-12,36,Sunrisers Hyderabad,Mumbai Indians,Sunrisers Hyderabad,bat,Mumbai Indians,normal,AT Rayudu,"Rajiv Gandhi International Stadium, Uppal"
734003,2014,Ranchi,2014-05-13,37,Chennai Super Kings,Rajasthan Royals,Rajasthan Royals,bat,Chennai Super Kings,normal,RA Jadeja,JSCA International Stadium Complex
734005,2014,Bangalore,2014-05-13,38,Royal Challengers Bangalore,Delhi Daredevils,Delhi Daredevils,field,Royal Challengers Bangalore,normal,Yuvraj Singh,M Chinnaswamy Stadium
734007,2014,Hyderabad,2014-05-14,39,Sunrisers Hyderabad,Kings XI Punjab,Kings XI Punjab,field,Kings XI Punjab,normal,WP Saha,"Rajiv Gandhi International Stadium, Uppal"
734009,2014,Cuttack,2014-05-14,40,Kolkata Knight Riders,Mumbai Indians,Kolkata Knight Riders,field,Kolkata Knight Riders,normal,RV Uthappa,Barabati Stadium
734011,2014,Ahmedabad,2014-05-15,41,Rajasthan Royals,Delhi Daredevils,Delhi Daredevils,field,Rajasthan Royals,normal,AM Rahane,"Sardar Patel Stadium, Motera"
734013,2014,Ranchi,2014-05-18,42,Chennai Super Kings,Royal Challengers Bangalore,Chennai Super Kings,bat,Royal Challengers Bangalore,normal,AB de Villiers,JSCA International Stadium Complex
734015,2014,Hyderabad,2014-05-18,43,Sunrisers Hyderabad,Kolkata Knight Riders,Sunrisers Hyderabad,bat,Kolkata Knight Riders,normal,UT Yadav,"Rajiv Gandhi International Stadium, Uppal"
734017,2014,Ahmedabad,2014-05-19,44,Rajasthan Royals,Mumbai Indians,Mumbai Indians,bat,Mumbai Indians,normal,MEK Hussey,"Sardar Patel Stadium, Motera"
734019,2014,Delhi,2014-05-19,45,Delhi Daredevils,Kings XI Punjab,Kings XI Punjab,field,Kings XI Punjab,normal,AR Patel,Feroz Shah Kotla
734021,2014,Hyderabad,2014-05-20,46,Sunrisers Hyderabad,Royal Challengers Bangalore,Royal Challengers Bangalore,bat,Sunrisers Hyderabad,normal,DA Warner,"Rajiv Gandhi International Stadium, Uppal"
734023,2014,Kolkata,2014-05-20,47,Kolkata Knight Riders,Chennai Super Kings,Kolkata Knight Riders,field,Kolkata Knight Riders,normal,RV Uthappa,Eden Gardens
734025,2014,Chandigarh,2014-05-21,48,Kings XI Punjab,Mumbai Indians,Mumbai Indians,field,Mumbai Indians,normal,LMP Simmons,"Punjab Cricket Association Stadium, Mohali"
734027,2014,Kolkata,2014-05-22,49,Kolkata Knight Riders,Royal Challengers Bangalore,Royal Challengers Bangalore,field,Kolkata Knight Riders,normal,RV Uthappa,Eden Gardens
734029,2014,Ranchi,2014-05-22,50,Chennai Super Kings,Sunrisers Hyderabad,Sunrisers Hyderabad,field,Sunrisers Hyderabad,normal,DA Warner,JSCA International Stadium Complex
734031,2014,Mumbai,2014-05-23,51,Mumbai Indians,Delhi Daredevils,Delhi Daredevils,field,Mumbai Indians,normal,MEK Hussey,Wankhede Stadium
734033,2014,Chandigarh,2014-05-23,52,Kings XI Punjab,Rajasthan Royals,Rajasthan Royals,field,Kings XI Punjab,normal,SE Marsh,"Punjab Cricket Association Stadium, Mohali"
734035,2014,Bangalore,2014-05-24,53,Royal Challengers Bangalore,Chennai Super Kings,Chennai Super Kings,field,Chennai Super Kings,normal,MS Dhoni,M Chinnaswamy Stadium
734037,2014,Kolkata,2014-05-24,54,Kolkata Knight Riders,Sunrisers Hyderabad,Kolkata Knight Riders,field,Kolkata Knight Riders,normal,YK Pathan,Eden Gardens
734039,2014,Chandigarh,2014-05-25,55,Kings XI Punjab,Delhi Daredevils,Kings XI Punjab,field,Kings XI Punjab,normal,M Vohra,"Punjab Cricket Association Stadium, Mohali"
734041,2014,Mumbai,2014-05-25,56,Mumbai Indians,Rajasthan Royals,Mumbai Indians,field,Mumbai Indians,normal,CJ Anderson,Wankhede Stadium
734043,2014,Kolkata,2014-05-27,,Kings XI Punjab,Kolkata Knight Riders,Kings XI Punjab,field,Kolkata Knight Riders,normal,UT Yadav,Eden Gardens
734045,2014,Mumbai,2014-05-28,,Chennai Super Kings,Mumbai Indians,Chennai Super Kings,field,Chennai Super Kings,normal,SK Raina,Brabourne Stadium
734047,2014,Mumbai,2014-05-30,,Chennai Super Kings,Kings XI Punjab,Chennai Super Kings,field,Kings XI Punjab,normal,V Sehwag,Wankhede Stadium
734049,2014,Bangalore,2014-06-01,,Kolkata Knight Riders,Kings XI Punjab,Kolkata Knight Riders,field,Kolkata Knight Riders,normal,MK Pandey,M Chinnaswamy Stadium
829705,2015,Kolkata,2015-04-08,1,Kolkata Knight Riders,Mumbai Indians,Kolkata Knight Riders,field,Kolkata Knight Riders,normal,M Morkel,Eden Gardens
829707,2015,Chennai,2015-04-09,2,Chennai Super Kings,Delhi Daredevils,Delhi Daredevils,field,Chennai Super Kings,normal,A Nehra,"MA Chidambaram Stadium, Chepauk"
829709,2015,Pune,2015-04-10,3,Kings XI Punjab,Rajasthan Royals,Kings XI Punjab,field,Rajasthan Royals,normal,JP Faulkner,Maharashtra Cricket Association Stadium
829711,2015,Chennai,2015-04-11,4,Chennai Super Kings,Sunrisers Hyderabad,Chennai Super Kings,bat,Chennai Super Kings,normal,BB McCullum,"MA Chidambaram Stadium, Chepauk"
829713,2015,Kolkata,2015-04-11,5,Kolkata Knight Riders,Royal Challengers Bangalore,Royal Challengers Bangalore,field,Royal Challengers Bangalore,normal,CH Gayle,Eden Gardens
829715,2015,Delhi,2015-04-12,6,Delhi Daredevils,Rajasthan Royals,Rajasthan Royals,field,Rajasthan Royals,normal,DJ Hooda,Feroz Shah Kotla
829717,2015,Mumbai,2015-04-12,7,Mumbai Indians,Kings XI Punjab,Mumbai Indians,field,Kings XI Punjab,normal,GJ Bailey,Wankhede Stadium
829719,2015,Bangalore,2015-04-13,8,Royal Challengers Bangalore,Sunrisers Hyderabad,Sunrisers Hyderabad,field,Sunrisers Hyderabad,normal,DA Warner,M Chinnaswamy Stadium
829721,2015,Ahmedabad,2015-04-14,9,Rajasthan Royals,Mumbai Indians,Mumbai Indians,bat,Rajasthan Royals,normal,SPD Smith,"Sardar Patel Stadium, Motera"
829725,2015,Pune,2015-04-15,10,Kings XI Punjab,Delhi Daredevils,Kings XI Punjab,bat,Delhi Daredevils,normal,MA Agarwal,Maharashtra Cricket Association Stadium
829727,2015,Visakhapatnam,2015-04-16,11,Sunrisers Hyderabad,Rajasthan Royals,Rajasthan Royals,field,Rajasthan Royals,normal,AM Rahane,Dr. Y.S. Rajasekhara Reddy ACA-VDCA Cricket Stadium
829729,2015,Mumbai,2015-04-17,12,Mumbai Indians,Chennai Super Kings,Mumbai Indians,bat,Chennai Super Kings,normal,A Nehra,Wankhede Stadium
829731,2015,Visakhapatnam,2015-04-18,13,Sunrisers Hyderabad,Delhi Daredevils,Delhi Daredevils,bat,Delhi Daredevils,normal,JP Duminy,Dr. Y.S. Rajasekhara Reddy ACA-VDCA Cricket Stadium
829733,2015,Pune,2015-04-18,14,Kings XI Punjab,Kolkata Knight Riders,Kolkata Knight Riders,field,Kolkata Knight Riders,normal,AD Russell,Maharashtra Cricket Association Stadium
829735,2015,Ahmedabad,2015-04-19,15,Rajasthan Royals,Chennai Super Kings,Chennai Super Kings,bat,Rajasthan Royals,normal,AM Rahane,"Sardar Patel Stadium, Motera"
829737,2015,Bangalore,2015-04-19,16,Royal Challengers Bangalore,Mumbai Indians,Royal Challengers Bangalore,field,Mumbai Indians,normal,Harbhajan Singh,M Chinnaswamy Stadium
829739,2015,Delhi,2015-04-20,17,Delhi Daredevils,Kolkata Knight Riders,Kolkata Knight Riders,field,Kolkata Knight Riders,normal,UT Yadav,Feroz Shah Kotla
829741,2015,Ahmedabad,2015-04-21,18,Rajasthan Royals,Kings XI Punjab,Kings XI Punjab,field,No Result,tie,SE Marsh,"Sardar Patel Stadium, Motera"
829743,2015,Visakhapatnam,2015-04-22,19,Sunrisers Hyderabad,Kolkata Knight Riders,Kolkata Knight Riders,field,Sunrisers Hyderabad,normal,DA Warner,Dr. Y.S. Rajasekhara Reddy ACA-VDCA Cricket Stadium
829745,2015,Bangalore,2015-04-22,20,Royal Challengers Bangalore,Chennai Super Kings,Royal Challengers Bangalore,field,Chennai Super Kings,normal,SK Raina,M Chinnaswamy Stadium
829747,2015,Delhi,2015-04-23,21,Delhi Daredevils,Mumbai Indians,Mumbai Indians,field,Delhi Daredevils,normal,SS Iyer,Feroz Shah Kotla
829749,2015,Ahmedabad,2015-04-24,22,Rajasthan Royals,Royal Challengers Bangalore,Royal Challengers Bangalore,field,Royal Challengers Bangalore,normal,MA Starc,"Sardar Patel Stadium, Motera"
829751,2015,Mumbai,2015-04-25,23,Mumbai Indians,Sunrisers Hyderabad,Mumbai Indians,bat,Mumbai Indians,normal,SL Malinga,Wankhede Stadium
829753,2015,Chennai,2015-04-25,24,Chennai Super Kings,Kings XI Punjab,Chennai Super Kings,bat,Chennai Super Kings,normal,BB McCullum,"MA Chidambaram Stadium, Chepauk"
829757,2015,Delhi,2015-04-26,26,Delhi Daredevils,Royal Challengers Bangalore,Royal Challengers Bangalore,field,Royal Challengers Bangalore,normal,VR Aaron,Feroz Shah Kotla
829759,2015,Chandigarh,2015-04-27,27,Kings XI Punjab,Sunrisers Hyderabad,Kings XI Punjab,field,Sunrisers Hyderabad,normal,TA Boult,"Punjab Cricket Association Stadium, Mohali"
829765,2015,Chennai,2015-04-28,28,Chennai Super Kings,Kolkata Knight Riders,Kolkata Knight Riders,field,Chennai Super Kings,normal,DJ Bravo,"MA Chidambaram Stadium, Chepauk"
829763,2015,Bangalore,2015-04-29,29,Royal Challengers Bangalore,Rajasthan Royals,Rajasthan Royals,field,No Result,no result,,M Chinnaswamy Stadium
829723,2015,Kolkata,2015-04-30,30,Kolkata Knight Riders,Chennai Super Kings,Kolkata Knight Riders,field,Kolkata Knight Riders,normal,AD Russell,Eden Gardens
829767,2015,Delhi,2015-05-01,31,Delhi Daredevils,Kings XI Punjab,Delhi Daredevils,field,Delhi Daredevils,normal,NM Coulter-Nile,Feroz Shah Kotla
829769,2015,Mumbai,2015-05-01,32,Mumbai Indians,Rajasthan Royals,Rajasthan Royals,field,Mumbai Indians,normal,AT Rayudu,Wankhede Stadium
829771,2015,Bangalore,2015-05-02,33,Royal Challengers Bangalore,Kolkata Knight Riders,Royal Challengers Bangalore,field,Royal Challengers Bangalore,normal,Mandeep Singh,M Chinnaswamy Stadium
829773,2015,Hyderabad,2015-05-02,34,Sunrisers Hyderabad,Chennai Super Kings,Chennai Super Kings,field,Sunrisers Hyderabad,normal,DA Warner,"Rajiv Gandhi International Stadium, Uppal"
829775,2015,Chandigarh,2015-05-03,35,Kings XI Punjab,Mumbai Indians,Mumbai Indians,bat,Mumbai Indians,normal,LMP Simmons,"Punjab Cricket Association Stadium, Mohali"
829777,2015,Mumbai,2015-05-03,36,Rajasthan Royals,Delhi Daredevils,Delhi Daredevils,field,Rajasthan Royals,normal,AM Rahane,Brabourne Stadium
829779,2015,Chennai,2015-05-04,37,Chennai Super Kings,Royal Challengers Bangalore,Chennai Super Kings,bat,Chennai Super Kings,normal,SK Raina,"MA Chidambaram Stadium, Chepauk"
829781,2015,Kolkata,2015-05-04,38,Kolkata Knight Riders,Sunrisers Hyderabad,Sunrisers Hyderabad,field,Kolkata Knight Riders,normal,UT Yadav,Eden Gardens
829783,2015,Mumbai,2015-05-05,39,Mumbai Indians,Delhi Daredevils,Delhi Daredevils,bat,Mumbai Indians,normal,Harbhajan Singh,Wankhede Stadium
829785,2015,Bangalore,2015-05-06,40,Royal Challengers Bangalore,Kings XI Punjab,Kings XI Punjab,field,Royal Challengers Bangalore,normal,CH Gayle,M Chinnaswamy Stadium
829761,2015,Kolkata,2015-05-07,42,Kolkata Knight Riders,Delhi Daredevils,Kolkata Knight Riders,bat,Kolkata Knight Riders,normal,PP Chawla,Eden Gardens
829787,2015,Mumbai,2015-05-07,41,Rajasthan Royals,Sunrisers Hyderabad,Rajasthan Royals,field,Sunrisers Hyderabad,normal,EJG Morgan,Brabourne Stadium
829789,2015,Chennai,2015-05-08,43,Chennai Super Kings,Mumbai Indians,Chennai Super Kings,bat,Mumbai Indians,normal,HH Pandya,"MA Chidambaram Stadium, Chepauk"
829791,2015,Kolkata,2015-05-09,44,Kolkata Knight Riders,Kings XI Punjab,Kings XI Punjab,bat,Kolkata Knight Riders,normal,AD Russell,Eden Gardens
829793,2015,Raipur,2015-05-09,45,Delhi Daredevils,Sunrisers Hyderabad,Sunrisers Hyderabad,bat,Sunrisers Hyderabad,normal,MC Henriques,Shaheed Veer Narayan Singh International Stadium
829795,2015,Mumbai,2015-05-10,46,Mumbai Indians,Royal Challengers Bangalore,Royal Challengers Bangalore,bat,Royal Challengers Bangalore,normal,AB de Villiers,Wankhede Stadium
829797,2015,Chennai,2015-05-10,47,Chennai Super Kings,Rajasthan Royals,Chennai Super Kings,bat,Chennai Super Kings,normal,RA Jadeja,"MA Chidambaram Stadium, Chepauk"
829799,2015,Hyderabad,2015-05-11,48,Sunrisers Hyderabad,Kings XI Punjab,Sunrisers Hyderabad,bat,Sunrisers Hyderabad,normal,DA Warner,"Rajiv Gandhi International Stadium, Uppal"
829801,2015,Raipur,2015-05-12,49,Delhi Daredevils,Chennai Super Kings,Chennai Super Kings,bat,Delhi Daredevils,normal,Z Khan,Shaheed Veer Narayan Singh International Stadium
829803,2015,Chandigarh,2015-05-13,50,Kings XI Punjab,Royal Challengers Bangalore,Royal Challengers Bangalore,field,Kings XI Punjab,normal,AR Patel,"Punjab Cricket Association Stadium, Mohali"
829805,2015,Mumbai,2015-05-14,51,Mumbai Indians,Kolkata Knight Riders,Kolkata Knight Riders,field,Mumbai Indians,normal,HH Pandya,Wankhede Stadium
829807,2015,Hyderabad,2015-05-15,52,Sunrisers Hyderabad,Royal Challengers Bangalore,Sunrisers Hyderabad,bat,Royal Challengers Bangalore,normal,V Kohli,"Rajiv Gandhi International Stadium, Uppal"
829809,2015,Chandigarh,2015-05-16,53,Kings XI Punjab,Chennai Super Kings,Kings XI Punjab,bat,Chennai Super Kings,normal,P Negi,"Punjab Cricket Association Stadium, Mohali"
829811,2015,Mumbai,2015-05-16,54,Rajasthan Royals,Kolkata Knight Riders,Rajasthan Royals,bat,Rajasthan Royals,normal,SR Watson,Brabourne Stadium
829813,2015,Bangalore,2015-05-17,55,Royal Challengers Bangalore,Delhi Daredevils,Royal Challengers Bangalore,field,No Result,no result,,M Chinnaswamy Stadium
829815,2015,Hyderabad,2015-05-17,56,Sunrisers Hyderabad,Mumbai Indians,Sunrisers Hyderabad,bat,Mumbai Indians,normal,MJ McClenaghan,"Rajiv Gandhi International Stadium, Uppal"
829817,2015,Mumbai,2015-05-19,,Chennai Super Kings,Mumbai Indians,Mumbai Indians,bat,Mumbai Indians,normal,KA Pollard,Wankhede Stadium
829819,2015,Pune,2015-05-20,,Royal Challengers Bangalore,Rajasthan Royals,Royal Challengers Bangalore,bat,Royal Challengers Bangalore,normal,AB de Villiers,Maharashtra Cricket Association Stadium
829821,2015,Ranchi,2015-05-22,,Chennai Super Kings,Royal Challengers Bangalore,Chennai Super Kings,field,Chennai Super Kings,normal,A Nehra,JSCA International Stadium Complex
829823,2015,Kolkata,2015-05-24,,Mumbai Indians,Chennai Super Kings,Chennai Super Kings,field,Mumbai Indians,normal,RG Sharma,Eden Gardens
980901,2016,Mumbai,2016-04-09,1,Mumbai Indians,Rising Pune Supergiants,Mumbai Indians,bat,Rising Pune Supergiants,normal,AM Rahane,Wankhede Stadium
980903,2016,Kolkata,2016-04-10,2,Kolkata Knight Riders,Delhi Daredevils,Kolkata Knight Riders,field,Kolkata Knight Riders,normal,AD Russell,Eden Gardens
980905,2016,Chandigarh,2016-04-11,3,Kings XI Punjab,Gujarat Lions,Gujarat Lions,field,Gujarat Lions,normal,AJ Finch,"Punjab Cricket Association IS Bindra Stadium, Mohali"
980907,2016,Bangalore,2016-04-12,4,Royal Challengers Bangalore,Sunrisers Hyderabad,Sunrisers Hyderabad,field,Royal Challengers Bangalore,normal,AB de Villiers,M Chinnaswamy Stadium
980909,2016,Kolkata,2016-04-13,5,Kolkata Knight Riders,Mumbai Indians,Mumbai Indians,field,Mumbai Indians,normal,RG Sharma,Eden Gardens
980911,2016,Rajkot,2016-04-14,6,Gujarat Lions,Rising Pune Supergiants,Rising Pune Supergiants,bat,Gujarat Lions,normal,AJ Finch,Saurashtra Cricket Association Stadium
980913,2016,Delhi,2016-04-15,7,Delhi Daredevils,Kings XI Punjab,Delhi Daredevils,field,Delhi Daredevils,normal,A Mishra,Feroz Shah Kotla
980915,2016,Hyderabad,2016-04-16,8,Sunrisers Hyderabad,Kolkata Knight Riders,Sunrisers Hyderabad,bat,Kolkata Knight Riders,normal,G Gambhir,"Rajiv Gandhi International Stadium, Uppal"
980917,2016,Mumbai,2016-04-16,9,Mumbai Indians,Gujarat Lions,Gujarat Lions,field,Gujarat Lions,normal,AJ Finch,Wankhede Stadium
980919,2016,Chandigarh,2016-04-17,10,Kings XI Punjab,Rising Pune Supergiants,Rising Pune Supergiants,bat,Kings XI Punjab,normal,M Vohra,"Punjab Cricket Association IS Bindra Stadium, Mohali"
980921,2016,Bangalore,2016-04-17,11,Royal Challengers Bangalore,Delhi Daredevils,Delhi Daredevils,field,Delhi Daredevils,normal,Q de Kock,M Chinnaswamy Stadium
980923,2016,Hyderabad,2016-04-18,12,Sunrisers Hyderabad,Mumbai Indians,Sunrisers Hyderabad,field,Sunrisers Hyderabad,normal,DA Warner,"Rajiv Gandhi International Stadium, Uppal"
980925,2016,Chandigarh,2016-04-19,13,Kings XI Punjab,Kolkata Knight Riders,Kolkata Knight Riders,field,Kolkata Knight Riders,normal,RV Uthappa,"Punjab Cricket Association IS Bindra Stadium, Mohali"
980927,2016,Mumbai,2016-04-20,14,Mumbai Indians,Royal Challengers Bangalore,Mumbai Indians,field,Mumbai Indians,normal,RG Sharma,Wankhede Stadium
980929,2016,Rajkot,2016-04-21,15,Gujarat Lions,Sunrisers Hyderabad,Sunrisers Hyderabad,field,Sunrisers Hyderabad,normal,B Kumar,Saurashtra Cricket Association Stadium
980931,2016,Pune,2016-04-22,16,Rising Pune Supergiants,Royal Challengers Bangalore,Rising Pune Supergiants,field,Royal Challengers Bangalore,normal,AB de Villiers,Maharashtra Cricket Association Stadium
980933,2016,Delhi,2016-04-23,17,Delhi Daredevils,Mumbai Indians,Mumbai Indians,field,Delhi Daredevils,normal,SV Samson,Feroz Shah Kotla
980935,2016,Hyderabad,2016-04-23,18,Sunrisers Hyderabad,Kings XI Punjab,Sunrisers Hyderabad,field,Sunrisers Hyderabad,normal,Mustafizur Rahman,"Rajiv Gandhi International Stadium, Uppal"
980937,2016,Rajkot,2016-04-24,19,Gujarat Lions,Royal Challengers Bangalore,Royal Challengers Bangalore,bat,Gujarat Lions,normal,V Kohli,Saurashtra Cricket Association Stadium
980939,2016,Pune,2016-04-24,20,Rising Pune Supergiants,Kolkata Knight Riders,Kolkata Knight Riders,field,Kolkata Knight Riders,normal,SA Yadav,Maharashtra Cricket Association Stadium
980941,2016,Chandigarh,2016-04-25,21,Kings XI Punjab,Mumbai Indians,Kings XI Punjab,field,Mumbai Indians,normal,PA Patel,"Punjab Cricket Association IS Bindra Stadium, Mohali"
980943,2016,Hyderabad,2016-04-26,22,Sunrisers Hyderabad,Rising Pune Supergiants,Rising Pune Supergiants,field,Rising Pune Supergiants,normal,AB Dinda,"Rajiv Gandhi International Stadium, Uppal"
980945,2016,Delhi,2016-04-27,23,Delhi Daredevils,Gujarat Lions,Delhi Daredevils,field,Gujarat Lions,normal,CH Morris,Feroz Shah Kotla
980947,2016,Mumbai,2016-04-28,24,Mumbai Indians,Kolkata Knight Riders,Mumbai Indians,field,Mumbai Indians,normal,RG Sharma,Wankhede Stadium
980949,2016,Pune,2016-04-29,25,Rising Pune Supergiants,Gujarat Lions,Gujarat Lions,field,Gujarat Lions,normal,DR Smith,Maharashtra Cricket Association Stadium
980951,2016,Delhi,2016-04-30,26,Delhi Daredevils,Kolkata Knight Riders,Kolkata Knight Riders,field,Delhi Daredevils,normal,CR Brathwaite,Feroz Shah Kotla
980953,2016,Hyderabad,2016-04-30,27,Sunrisers Hyderabad,Royal Challengers Bangalore,Royal Challengers Bangalore,field,Sunrisers Hyderabad,normal,DA Warner,"Rajiv Gandhi International Stadium, Uppal"
980955,2016,Rajkot,2016-05-01,28,Gujarat Lions,Kings XI Punjab,Gujarat Lions,field,Kings XI Punjab,normal,AR Patel,Saurashtra Cricket Association Stadium
980957,2016,Pune,2016-05-01,29,Rising Pune Supergiants,Mumbai Indians,Mumbai Indians,field,Mumbai Indians,normal,RG Sharma,Maharashtra Cricket Association Stadium
980959,2016,Bangalore,2016-05-02,30,Royal Challengers Bangalore,Kolkata Knight Riders,Kolkata Knight Riders,field,Kolkata Knight Riders,normal,AD Russell,M Chinnaswamy Stadium
980961,2016,Rajkot,2016-05-03,31,Gujarat Lions,Delhi Daredevils,Delhi Daredevils,field,Delhi Daredevils,normal,RR Pant,Saurashtra Cricket Association Stadium
980963,2016,Kolkata,2016-05-04,32,Kolkata Knight Riders,Kings XI Punjab,Kings XI Punjab,field,Kolkata Knight Riders,normal,AD Russell,Eden Gardens
980965,2016,Delhi,2016-05-05,33,Delhi Daredevils,Rising Pune Supergiants,Rising Pune Supergiants,field,Rising Pune Supergiants,normal,AM Rahane,Feroz Shah Kotla
980967,2016,Hyderabad,2016-05-06,34,Sunrisers Hyderabad,Gujarat Lions,Sunrisers Hyderabad,field,Sunrisers Hyderabad,normal,B Kumar,"Rajiv Gandhi International Stadium, Uppal"
980969,2016,Bangalore,2016-05-07,35,Royal Challengers Bangalore,Rising Pune Supergiants,Royal Challengers Bangalore,field,Royal Challengers Bangalore,normal,V Kohli,M Chinnaswamy Stadium
980971,2016,Chandigarh,2016-05-07,36,Kings XI Punjab,Delhi Daredevils,Delhi Daredevils,field,Kings XI Punjab,normal,MP Stoinis,"Punjab Cricket Association IS Bindra Stadium, Mohali"
980973,2016,Visakhapatnam,2016-05-08,37,Mumbai Indians,Sunrisers Hyderabad,Mumbai Indians,field,Sunrisers Hyderabad,normal,A Nehra,Dr. Y.S. Rajasekhara Reddy ACA-VDCA Cricket Stadium
980975,2016,Kolkata,2016-05-08,38,Kolkata Knight Riders,Gujarat Lions,Gujarat Lions,field,Gujarat Lions,normal,P Kumar,Eden Gardens
980977,2016,Chandigarh,2016-05-09,39,Kings XI Punjab,Royal Challengers Bangalore,Kings XI Punjab,field,Royal Challengers Bangalore,normal,SR Watson,"Punjab Cricket Association IS Bindra Stadium, Mohali"
980979,2016,Visakhapatnam,2016-05-10,40,Rising Pune Supergiants,Sunrisers Hyderabad,Sunrisers Hyderabad,bat,Sunrisers Hyderabad,normal,A Zampa,Dr. Y.S. Rajasekhara Reddy ACA-VDCA Cricket Stadium
980981,2016,Bangalore,2016-05-11,41,Royal Challengers Bangalore,Mumbai Indians,Mumbai Indians,field,Mumbai Indians,normal,KH Pandya,M Chinnaswamy Stadium
980983,2016,Hyderabad,2016-05-12,42,Sunrisers Hyderabad,Delhi Daredevils,Delhi Daredevils,field,Delhi Daredevils,normal,CH Morris,"Rajiv Gandhi International Stadium, Uppal"
980985,2016,Visakhapatnam,2016-05-13,43,Mumbai Indians,Kings XI Punjab,Mumbai Indians,bat,Kings XI Punjab,normal,MP Stoinis,Dr. Y.S. Rajasekhara Reddy ACA-VDCA Cricket Stadium
980987,2016,Bangalore,2016-05-14,44,Royal Challengers Bangalore,Gujarat Lions,Gujarat Lions,field,Royal Challengers Bangalore,normal,AB de Villiers,M Chinnaswamy Stadium
980989,2016,Kolkata,2016-05-14,45,Kolkata Knight Riders,Rising Pune Supergiants,Rising Pune Supergiants,bat,Kolkata Knight Riders,normal,YK Pathan,Eden Gardens
980991,2016,Chandigarh,2016-05-15,46,Kings XI Punjab,Sunrisers Hyderabad,Kings XI Punjab,bat,Sunrisers Hyderabad,normal,HM Amla,"Punjab Cricket Association IS Bindra Stadium, Mohali"
980993,2016,Visakhapatnam,2016-05-15,47,Mumbai Indians,Delhi Daredevils,Delhi Daredevils,field,Mumbai Indians,normal,KH Pandya,Dr. Y.S. Rajasekhara Reddy ACA-VDCA Cricket Stadium
980995,2016,Kolkata,2016-05-16,48,Kolkata Knight Riders,Royal Challengers Bangalore,Royal Challengers Bangalore,field,Royal Challengers Bangalore,normal,V Kohli,Eden Gardens
980997,2016,Visakhapatnam,2016-05-17,49,Rising Pune Supergiants,Delhi Daredevils,Rising Pune Supergiants,field,Rising Pune Supergiants,normal,AB Dinda,Dr. Y.S. Rajasekhara Reddy ACA-VDCA Cricket Stadium
980999,2016,Bangalore,2016-05-18,50,Royal Challengers Bangalore,Kings XI Punjab,Kings XI Punjab,field,Royal Challengers Bangalore,normal,V Kohli,M Chinnaswamy Stadium
981001,2016,Kanpur,2016-05-19,51,Gujarat Lions,Kolkata Knight Riders,Gujarat Lions,field,Gujarat Lions,normal,DR Smith,Green Park
981003,2016,Raipur,2016-05-20,52,Delhi Daredevils,Sunrisers Hyderabad,Delhi Daredevils,field,Delhi Daredevils,normal,KK Nair,Shaheed Veer Narayan Singh International Stadium
981005,2016,Visakhapatnam,2016-05-21,53,Rising Pune Supergiants,Kings XI Punjab,Kings XI Punjab,bat,Rising Pune Supergiants,normal,MS Dhoni,Dr. Y.S. Rajasekhara Reddy ACA-VDCA Cricket Stadium
981007,2016,Kanpur,2016-05-21,54,Gujarat Lions,Mumbai Indians,Gujarat Lions,field,Gujarat Lions,normal,SK Raina,Green Park
981009,2016,Kolkata,2016-05-22,55,Kolkata Knight Riders,Sunrisers Hyderabad,Sunrisers Hyderabad,field,Kolkata Knight Riders,normal,YK Pathan,Eden Gardens
981011,2016,Raipur,2016-05-22,56,Delhi Daredevils,Royal Challengers Bangalore,Royal Challengers Bangalore,field,Royal Challengers Bangalore,normal,V Kohli,Shaheed Veer Narayan Singh International Stadium
981013,2016,Bangalore,2016-05-24,,Gujarat Lions,Royal Challengers Bangalore,Royal Challengers Bangalore,field,Royal Challengers Bangalore,normal,AB de Villiers,M Chinnaswamy Stadium
981015,2016,Delhi,2016-05-25,,Sunrisers Hyderabad,Kolkata Knight Riders,Kolkata Knight Riders,field,Sunrisers Hyderabad,normal,MC Henriques,Feroz Shah Kotla
981017,2016,Delhi,2016-05-27,,Gujarat Lions,Sunrisers Hyderabad,Sunrisers Hyderabad,field,Sunrisers Hyderabad,normal,DA Warner,Feroz Shah Kotla
981019,2016,Bangalore,2016-05-29,,Royal Challengers Bangalore,Sunrisers Hyderabad,Sunrisers Hyderabad,bat,Sunrisers Hyderabad,normal,BCJ Cutting,M Chinnaswamy Stadium
1082591,2017,Hyderabad,2017-04-05,1,Sunrisers Hyderabad,Royal Challengers Bangalore,Royal Challengers Bangalore,field,Sunrisers Hyderabad,normal,Yuvraj Singh,"Rajiv Gandhi International Stadium, Uppal"
1082592,2017,Pune,2017-04-06,2,Rising Pune Supergiant,Mumbai Indians,Rising Pune Supergiant,field,Rising Pune Supergiant,normal,SPD Smith,Maharashtra Cricket Association Stadium
1082593,2017,Rajkot,2017-04-07,3,Gujarat Lions,Kolkata Knight Riders,Kolkata Knight Riders,field,Kolkata Knight Riders,normal,CA Lynn,Saurashtra Cricket Association Stadium
1082594,2017,Indore,2017-04-08,4,Kings XI Punjab,Rising Pune Supergiant,Kings XI Punjab,field,Kings XI Punjab,normal,GJ Maxwell,Holkar Cricket Stadium
1082595,2017,Bengaluru,2017-04-08,5,Royal Challengers Bangalore,Delhi Daredevils,Royal Challengers Bangalore,bat,Royal Challengers Bangalore,normal,KM Jadhav,M.Chinnaswamy Stadium
1082596,2017,Hyderabad,2017-04-09,6,Sunrisers Hyderabad,Gujarat Lions,Sunrisers Hyderabad,field,Sunrisers Hyderabad,normal,Rashid Khan,"Rajiv Gandhi International Stadium, Uppal"
1082597,2017,Mumbai,2017-04-09,7,Mumbai Indians,Kolkata Knight Riders,Mumbai Indians,field,Mumbai Indians,normal,N Rana,Wankhede Stadium
1082598,2017,Indore,2017-04-10,8,Kings XI Punjab,Royal Challengers Bangalore,Royal Challengers Bangalore,bat,Kings XI Punjab,normal,AR Patel,Holkar Cricket Stadium
1082599,2017,Pune,2017-04-11,9,Rising Pune Supergiant,Delhi Daredevils,Rising Pune Supergiant,field,Delhi Daredevils,normal,SV Samson,Maharashtra Cricket Association Stadium
1082600,2017,Mumbai,2017-04-12,10,Mumbai Indians,Sunrisers Hyderabad,Mumbai Indians,field,Mumbai Indians,normal,JJ Bumrah,Wankhede Stadium
1082601,2017,Kolkata,2017-04-13,11,Kolkata Knight Riders,Kings XI Punjab,Kolkata Knight Riders,field,Kolkata Knight Riders,normal,SP Narine,Eden Gardens
1082602,2017,Bangalore,2017-04-14,12,Royal Challengers Bangalore,Mumbai Indians,Mumbai Indians,field,Mumbai Indians,normal,KA Pollard,M Chinnaswamy Stadium
1082603,2017,Rajkot,2017-04-14,13,Gujarat Lions,Rising Pune Supergiant,Gujarat Lions,field,Gujarat Lions,normal,AJ Tye,Saurashtra Cricket Association Stadium
1082604,2017,Kolkata,2017-04-15,14,Kolkata Knight Riders,Sunrisers Hyderabad,Sunrisers Hyderabad,field,Kolkata Knight Riders,normal,RV Uthappa,Eden Gardens
1082605,2017,Delhi,2017-04-15,15,Delhi Daredevils,Kings XI Punjab,Delhi Daredevils,bat,Delhi Daredevils,normal,CJ Anderson,Feroz Shah Kotla
1082606,2017,Mumbai,2017-04-16,16,Mumbai Indians,Gujarat Lions,Mumbai Indians,field,Mumbai Indians,normal,N Rana,Wankhede Stadium
1082607,2017,Bangalore,2017-04-16,17,Royal Challengers Bangalore,Rising Pune Supergiant,Royal Challengers Bangalore,field,Rising Pune Supergiant,normal,BA Stokes,M Chinnaswamy Stadium
1082608,2017,Delhi,2017-04-17,18,Delhi Daredevils,Kolkata Knight Riders,Delhi Daredevils,bat,Kolkata Knight Riders,normal,NM Coulter-Nile,Feroz Shah Kotla
1082609,2017,Hyderabad,2017-04-17,19,Sunrisers Hyderabad,Kings XI Punjab,Kings XI Punjab,field,Sunrisers Hyderabad,normal,B Kumar,"Rajiv Gandhi International Stadium, Uppal"
1082610,2017,Rajkot,2017-04-18,20,Gujarat Lions,Royal Challengers Bangalore,Gujarat Lions,field,Royal Challengers Bangalore,normal,CH Gayle,Saurashtra Cricket Association Stadium
1082611,2017,Hyderabad,2017-04-19,21,Sunrisers Hyderabad,Delhi Daredevils,Sunrisers Hyderabad,bat,Sunrisers Hyderabad,normal,KS Williamson,"Rajiv Gandhi International Stadium, Uppal"
1082612,2017,Indore,2017-04-20,22,Kings XI Punjab,Mumbai Indians,Mumbai Indians,field,Mumbai Indians,normal,JC Buttler,Holkar Cricket Stadium
1082613,2017,Kolkata,2017-04-21,23,Kolkata Knight Riders,Gujarat Lions,Gujarat Lions,field,Gujarat Lions,normal,SK Raina,Eden Gardens
1082614,2017,Mumbai,2017-04-22,25,Mumbai Indians,Delhi Daredevils,Delhi Daredevils,field,Mumbai Indians,normal,MJ McClenaghan,Wankhede Stadium
1082615,2017,Pune,2017-04-22,24,Rising Pune Supergiant,Sunrisers Hyderabad,Rising Pune Supergiant,field,Rising Pune Supergiant,normal,MS Dhoni,Maharashtra Cricket Association Stadium
1082616,2017,Rajkot,2017-04-23,26,Gujarat Lions,Kings XI Punjab,Gujarat Lions,field,Kings XI Punjab,normal,HM Amla,Saurashtra Cricket Association Stadium
1082617,2017,Kolkata,2017-04-23,27,Kolkata Knight Riders,Royal Challengers Bangalore,Royal Challengers Bangalore,field,Kolkata Knight Riders,normal,NM Coulter-Nile,Eden Gardens
1082618,2017,Mumbai,2017-04-24,28,Mumbai Indians,Rising Pune Supergiant,Mumbai Indians,field,Rising Pune Supergiant,normal,BA Stokes,Wankhede Stadium
1082620,2017,Pune,2017-04-26,30,Rising Pune Supergiant,Kolkata Knight Riders,Kolkata Knight Riders,field,Kolkata Knight Riders,normal,RV Uthappa,Maharashtra Cricket Association Stadium
1082621,2017,Bangalore,2017-04-27,31,Royal Challengers Bangalore,Gujarat Lions,Gujarat Lions,field,Gujarat Lions,normal,AJ Tye,M Chinnaswamy Stadium
1082622,2017,Kolkata,2017-04-28,32,Kolkata Knight Riders,Delhi Daredevils,Kolkata Knight Riders,field,Kolkata Knight Riders,normal,G Gambhir,Eden Gardens
1082623,2017,Chandigarh,2017-04-28,33,Kings XI Punjab,Sunrisers Hyderabad,Kings XI Punjab,field,Sunrisers Hyderabad,normal,Rashid Khan,"Punjab Cricket Association IS Bindra Stadium, Mohali"
1082624,2017,Pune,2017-04-29,34,Rising Pune Supergiant,Royal Challengers Bangalore,Royal Challengers Bangalore,field,Rising Pune Supergiant,normal,LH Ferguson,Maharashtra Cricket Association Stadium
1082625,2017,Rajkot,2017-04-29,35,Gujarat Lions,Mumbai Indians,Gujarat Lions,bat,No Result,tie,KH Pandya,Saurashtra Cricket Association Stadium
1082626,2017,Chandigarh,2017-04-30,36,Kings XI Punjab,Delhi Daredevils,Kings XI Punjab,field,Kings XI Punjab,normal,Sandeep Sharma,"Punjab Cricket Association IS Bindra Stadium, Mohali"
1082627,2017,Hyderabad,2017-04-30,37,Sunrisers Hyderabad,Kolkata Knight Riders,Kolkata Knight Riders,field,Sunrisers Hyderabad,normal,DA Warner,"Rajiv Gandhi International Stadium, Uppal"
1082628,2017,Mumbai,2017-05-01,38,Mumbai Indians,Royal Challengers Bangalore,Royal Challengers Bangalore,bat,Mumbai Indians,normal,RG Sharma,Wankhede Stadium
1082629,2017,Pune,2017-05-01,39,Rising Pune Supergiant,Gujarat Lions,Rising Pune Supergiant,field,Rising Pune Supergiant,normal,BA Stokes,Maharashtra Cricket Association Stadium
1082630,2017,Delhi,2017-05-02,40,Delhi Daredevils,Sunrisers Hyderabad,Delhi Daredevils,field,Delhi Daredevils,normal,Mohammed Shami,Feroz Shah Kotla
1082631,2017,Kolkata,2017-05-03,41,Kolkata Knight Riders,Rising Pune Supergiant,Rising Pune Supergiant,field,Rising Pune Supergiant,normal,RA Tripathi,Eden Gardens
1082632,2017,Delhi,2017-05-04,42,Delhi Daredevils,Gujarat Lions,Delhi Daredevils,field,Delhi Daredevils,normal,RR Pant,Feroz Shah Kotla
1082633,2017,Bangalore,2017-05-05,43,Royal Challengers Bangalore,Kings XI Punjab,Royal Challengers Bangalore,field,Kings XI Punjab,normal,Sandeep Sharma,M Chinnaswamy Stadium
1082634,2017,Hyderabad,2017-05-06,44,Sunrisers Hyderabad,Rising Pune Supergiant,Sunrisers Hyderabad,field,Rising Pune Supergiant,normal,JD Unadkat,"Rajiv Gandhi International Stadium, Uppal"
1082635,2017,Delhi,2017-05-06,45,Delhi Daredevils,Mumbai Indians,Delhi Daredevils,field,Mumbai Indians,normal,LMP Simmons,Feroz Shah Kotla
1082636,2017,Bangalore,2017-05-07,46,Royal Challengers Bangalore,Kolkata Knight Riders,Kolkata Knight Riders,field,Kolkata Knight Riders,normal,SP Narine,M Chinnaswamy Stadium
1082637,2017,Chandigarh,2017-05-07,47,Kings XI Punjab,Gujarat Lions,Gujarat Lions,field,Gujarat Lions,normal,DR Smith,"Punjab Cricket Association IS Bindra Stadium, Mohali"
1082638,2017,Hyderabad,2017-05-08,48,Sunrisers Hyderabad,Mumbai Indians,Mumbai Indians,bat,Sunrisers Hyderabad,normal,S Dhawan,"Rajiv Gandhi International Stadium, Uppal"
1082639,2017,Chandigarh,2017-05-09,49,Kings XI Punjab,Kolkata Knight Riders,Kolkata Knight Riders,field,Kings XI Punjab,normal,MM Sharma,"Punjab Cricket Association IS Bindra Stadium, Mohali"
1082640,2017,Kanpur,2017-05-10,50,Gujarat Lions,Delhi Daredevils,Delhi Daredevils,field,Delhi Daredevils,normal,SS Iyer,Green Park
1082641,2017,Mumbai,2017-05-11,51,Mumbai Indians,Kings XI Punjab,Mumbai Indians,field,Kings XI Punjab,normal,WP Saha,Wankhede Stadium
1082642,2017,Delhi,2017-05-12,52,Delhi Daredevils,Rising Pune Supergiant,Delhi Daredevils,bat,Delhi Daredevils,normal,KK Nair,Feroz Shah Kotla
1082643,2017,Kanpur,2017-05-13,53,Gujarat Lions,Sunrisers Hyderabad,Sunrisers Hyderabad,field,Sunrisers Hyderabad,normal,Mohammed Siraj,Green Park
1082644,2017,Kolkata,2017-05-13,54,Kolkata Knight Riders,Mumbai Indians,Kolkata Knight Riders,field,Mumbai Indians,normal,AT Rayudu,Eden Gardens
1082645,2017,Pune,2017-05-14,55,Rising Pune Supergiant,Kings XI Punjab,Rising Pune Supergiant,field,Rising Pune Supergiant,normal,JD Unadkat,Maharashtra Cricket Association Stadium
1082646,2017,Delhi,2017-05-14,56,Delhi Daredevils,Royal Challengers Bangalore,Royal Challengers Bangalore,bat,Royal Challengers Bangalore,normal,HV Patel,Feroz Shah Kotla
1082647,2017,Mumbai,2017-05-16,,Mumbai Indians,Rising Pune Supergiant,Mumbai Indians,field,Rising Pune Supergiant,normal,Washington Sundar,Wankhede Stadium
1082648,2017,Bangalore,2017-05-17,,Sunrisers Hyderabad,Kolkata Knight Riders,Kolkata Knight Riders,field,Kolkata Knight Riders,normal,NM Coulter-Nile,M Chinnaswamy Stadium
1082649,2017,Bangalore,2017-05-19,,Mumbai Indians,Kolkata Knight Riders,Mumbai Indians,field,Mumbai Indians,normal,KV Sharma,M Chinnaswamy Stadium
1082650,2017,Hyderabad,2017-05-21,,Mumbai Indians,Rising Pune Supergiant,Mumbai Indians,bat,Mumbai Indians,normal,KH Pandya,"Rajiv Gandhi International Stadium, Uppal"
1136561,2018,Mumbai,2018-04-07,1,Mumbai Indians,Chennai Super Kings,Chennai Super Kings,field,Chennai Super Kings,normal,DJ Bravo,Wankhede Stadium
1136562,2018,Chandigarh,2018-04-08,2,Delhi Daredevils,Kings XI Punjab,Kings XI Punjab,field,Kings XI Punjab,normal,KL Rahul,Punjab Cricket Association IS Bindra Stadium
1136563,2018,Kolkata,2018-04-08,3,Royal Challengers Bangalore,Kolkata Knight Riders,Kolkata Knight Riders,field,Kolkata Knight Riders,normal,SP Narine,Eden Gardens
1136564,2018,Hyderabad,2018-04-09,4,Rajasthan Royals,Sunrisers Hyderabad,Sunrisers Hyderabad,field,Sunrisers Hyderabad,normal,S Dhawan,Rajiv Gandhi International Stadium
1136565,2018,Chennai,2018-04-10,5,Kolkata Knight Riders,Chennai Super Kings,Chennai Super Kings,field,Chennai Super Kings,normal,SW Billings,MA Chidambaram Stadium
1136566,2018,Jaipur,2018-04-11,6,Rajasthan Royals,Delhi Daredevils,Delhi Daredevils,field,Rajasthan Royals,normal,SV Samson,Sawai Mansingh Stadium
1136567,2018,Hyderabad,2018-04-12,7,Mumbai Indians,Sunrisers Hyderabad,Sunrisers Hyderabad,field,Sunrisers Hyderabad,normal,Rashid Khan,Rajiv Gandhi International Stadium
1136568,2018,Bengaluru,2018-04-13,8,Kings XI Punjab,Royal Challengers Bangalore,Royal Challengers Bangalore,field,Royal Challengers Bangalore,normal,UT Yadav,M.Chinnaswamy Stadium
1136569,2018,Mumbai,2018-04-14,9,Mumbai Indians,Delhi Daredevils,Delhi Daredevils,field,Delhi Daredevils,normal,JJ Roy,Wankhede Stadium
1136570,2018,Kolkata,2018-04-14,10,Kolkata Knight Riders,Sunrisers Hyderabad,Sunrisers Hyderabad,field,Sunrisers Hyderabad,normal,B Stanlake,Eden Gardens
1136571,2018,Bengaluru,2018-04-15,11,Rajasthan Royals,Royal Challengers Bangalore,Royal Challengers Bangalore,field,Rajasthan Royals,normal,SV Samson,M.Chinnaswamy Stadium
1136572,2018,Chandigarh,2018-04-15,12,Kings XI Punjab,Chennai Super Kings,Chennai Super Kings,field,Kings XI Punjab,normal,CH Gayle,Punjab Cricket Association IS Bindra Stadium
1136573,2018,Kolkata,2018-04-16,13,Kolkata Knight Riders,Delhi Daredevils,Delhi Daredevils,field,Kolkata Knight Riders,normal,N Rana,Eden Gardens
1136574,2018,Mumbai,2018-04-17,14,Mumbai Indians,Royal Challengers Bangalore,Royal Challengers Bangalore,field,Mumbai Indians,normal,RG Sharma,Wankhede Stadium
1136575,2018,Jaipur,2018-04-18,15,Rajasthan Royals,Kolkata Knight Riders,Kolkata Knight Riders,field,Kolkata Knight Riders,normal,N Rana,Sawai Mansingh Stadium
1136576,2018,Chandigarh,2018-04-19,16,Kings XI Punjab,Sunrisers Hyderabad,Kings XI Punjab,bat,Kings XI Punjab,normal,CH Gayle,Punjab Cricket Association IS Bindra Stadium
1136577,2018,Pune,2018-04-20,17,Chennai Super Kings,Rajasthan Royals,Rajasthan Royals,field,Chennai Super Kings,normal,SR Watson,Maharashtra Cricket Association Stadium
1136578,2018,Kolkata,2018-04-21,18,Kolkata Knight Riders,Kings XI Punjab,Kings XI Punjab,field,Kings XI Punjab,normal,KL Rahul,Eden Gardens
1136579,2018,Bengaluru,2018-04-21,19,Delhi Daredevils,Royal Challengers Bangalore,Royal Challengers Bangalore,field,Royal Challengers Bangalore,normal,AB de Villiers,M.Chinnaswamy Stadium
1136580,2018,Hyderabad,2018-04-22,20,Chennai Super Kings,Sunrisers Hyderabad,Sunrisers Hyderabad,field,Chennai Super Kings,normal,AT Rayudu,Rajiv Gandhi International Stadium
1136581,2018,Jaipur,2018-04-22,21,Mumbai Indians,Rajasthan Royals,Mumbai Indians,bat,Rajasthan Royals,normal,JC Archer,Sawai Mansingh Stadium
1136582,2018,Delhi,2018-04-23,22,Kings XI Punjab,Delhi Daredevils,Delhi Daredevils,field,Kings XI Punjab,normal,AS Rajpoot,Arun Jaitley Stadium
1136583,2018,Mumbai,2018-04-24,23,Sunrisers Hyderabad,Mumbai Indians,Mumbai Indians,field,Sunrisers Hyderabad,normal,Rashid Khan,Wankhede Stadium
1136584,2018,Bengaluru,2018-04-25,24,Royal Challengers Bangalore,Chennai Super Kings,Chennai Super Kings,field,Chennai Super Kings,normal,MS Dhoni,M.Chinnaswamy Stadium
1136585,2018,Hyderabad,2018-04-26,25,Sunrisers Hyderabad,Kings XI Punjab,Kings XI Punjab,field,Sunrisers Hyderabad,normal,AS Rajpoot,Rajiv Gandhi International Stadium
1136586,2018,Delhi,2018-04-27,26,Delhi Daredevils,Kolkata Knight Riders,Kolkata Knight Riders,field,Delhi Daredevils,normal,SS Iyer,Arun Jaitley Stadium
1136587,2018,Pune,2018-04-28,27,Chennai Super Kings,Mumbai Indians,Mumbai Indians,field,Mumbai Indians,normal,RG Sharma,Maharashtra Cricket Association Stadium
1136588,2018,Jaipur,2018-04-29,28,Sunrisers Hyderabad,Rajasthan Royals,Sunrisers Hyderabad,bat,Sunrisers Hyderabad,normal,KS Williamson,Sawai Mansingh Stadium
1136589,2018,Bengaluru,2018-04-29,29,Royal Challengers Bangalore,Kolkata Knight Riders,Kolkata Knight Riders,field,Kolkata Knight Riders,normal,CA Lynn,M.Chinnaswamy Stadium
1136590,2018,Pune,2018-04-30,30,Chennai Super Kings,Delhi Daredevils,Delhi Daredevils,field,Chennai Super Kings,normal,SR Watson,Maharashtra Cricket Association Stadium
1136591,2018,Bengaluru,2018-05-01,31,Royal Challengers Bangalore,Mumbai Indians,Mumbai Indians,field,Royal Challengers Bangalore,normal,TG Southee,M.Chinnaswamy Stadium
1136592,2018,Delhi,2018-05-02,32,Delhi Daredevils,Rajasthan Royals,Rajasthan Royals,field,Delhi Daredevils,normal,RR Pant,Arun Jaitley Stadium
1136593,2018,Kolkata,2018-05-03,33,Chennai Super Kings,Kolkata Knight Riders,Kolkata Knight Riders,field,Kolkata Knight Riders,normal,SP Narine,Eden Gardens
1136594,2018,Indore,2018-05-04,34,Kings XI Punjab,Mumbai Indians,Mumbai Indians,field,Mumbai Indians,normal,SA Yadav,Holkar Cricket Stadium
1136595,2018,Pune,2018-05-05,35,Royal Challengers Bangalore,Chennai Super Kings,Chennai Super Kings,field,Chennai Super Kings,normal,RA Jadeja,Maharashtra Cricket Association Stadium
1136596,2018,Hyderabad,2018-05-05,36,Delhi Daredevils,Sunrisers Hyderabad,Delhi Daredevils,bat,Sunrisers Hyderabad,normal,Rashid Khan,Rajiv Gandhi International Stadium
1136597,2018,Mumbai,2018-05-06,37,Mumbai Indians,Kolkata Knight Riders,Kolkata Knight Riders,field,Mumbai Indians,normal,HH Pandya,Wankhede Stadium
1136598,2018,Indore,2018-05-06,38,Rajasthan Royals,Kings XI Punjab,Kings XI Punjab,field,Kings XI Punjab,normal,Mujeeb Ur Rahman,Holkar Cricket Stadium
1136599,2018,Hyderabad,2018-05-07,39,Sunrisers Hyderabad,Royal Challengers Bangalore,Royal Challengers Bangalore,field,Sunrisers Hyderabad,normal,KS Williamson,Rajiv Gandhi International Stadium
1136600,2018,Jaipur,2018-05-08,40,Rajasthan Royals,Kings XI Punjab,Rajasthan Royals,bat,Rajasthan Royals,normal,JC Buttler,Sawai Mansingh Stadium
1136601,2018,Kolkata,2018-05-09,41,Mumbai Indians,Kolkata Knight Riders,Kolkata Knight Riders,field,Mumbai Indians,normal,Ishan Kishan,Eden Gardens
1136602,2018,Delhi,2018-05-10,42,Delhi Daredevils,Sunrisers Hyderabad,Delhi Daredevils,bat,Sunrisers Hyderabad,normal,S Dhawan,Arun Jaitley Stadium
1136603,2018,Jaipur,2018-05-11,43,Chennai Super Kings,Rajasthan Royals,Chennai Super Kings,bat,Rajasthan Royals,normal,JC Buttler,Sawai Mansingh Stadium
1136604,2018,Indore,2018-05-12,44,Kolkata Knight Riders,Kings XI Punjab,Kings XI Punjab,field,Kolkata Knight Riders,normal,SP Narine,Holkar Cricket Stadium
1136605,2018,Delhi,2018-05-12,45,Delhi Daredevils,Royal Challengers Bangalore,Royal Challengers Bangalore,field,Royal Challengers Bangalore,normal,AB de Villiers,Arun Jaitley Stadium
1136606,2018,Pune,2018-05-13,46,Sunrisers Hyderabad,Chennai Super Kings,Chennai Super Kings,field,Chennai Super Kings,normal,AT Rayudu,Maharashtra Cricket Association Stadium
1136607,2018,Mumbai,2018-05-13,47,Mumbai Indians,Rajasthan Royals,Rajasthan Royals,field,Rajasthan Royals,normal,JC Buttler,Wankhede Stadium
1136608,2018,Indore,2018-05-14,48,Kings XI Punjab,Royal Challengers Bangalore,Royal Challengers Bangalore,field,Royal Challengers Bangalore,normal,UT Yadav,Holkar Cricket Stadium
1136609,2018,Kolkata,2018-05-15,49,Rajasthan Royals,Kolkata Knight Riders,Kolkata Knight Riders,field,Kolkata Knight Riders,normal,Kuldeep Yadav,Eden Gardens
1136610,2018,Mumbai,2018-05-16,50,Mumbai Indians,Kings XI Punjab,Kings XI Punjab,field,Mumbai Indians,normal,JJ Bumrah,Wankhede Stadium
1136611,2018,Bengaluru,2018-05-17,51,Royal Challengers Bangalore,Sunrisers Hyderabad,Sunrisers Hyderabad,field,Royal Challengers Bangalore,normal,AB de Villiers,M.Chinnaswamy Stadium
1136612,2018,Delhi,2018-05-18,52,Delhi Daredevils,Chennai Super Kings,Chennai Super Kings,field,Delhi Daredevils,normal,HV Patel,Arun Jaitley Stadium
1136613,2018,Jaipur,2018-05-19,53,Rajasthan Royals,Royal Challengers Bangalore,Rajasthan Royals,bat,Rajasthan Royals,normal,S Gopal,Sawai Mansingh Stadium
1136614,2018,Hyderabad,2018-05-19,54,Sunrisers Hyderabad,Kolkata Knight Riders,Sunrisers Hyderabad,bat,Kolkata Knight Riders,normal,CA Lynn,Rajiv Gandhi International Stadium
1136615,2018,Delhi,2018-05-20,55,Delhi Daredevils,Mumbai Indians,Delhi Daredevils,bat,Delhi Daredevils,normal,A Mishra,Arun Jaitley Stadium
1136616,2018,Pune,2018-05-20,56,Kings XI Punjab,Chennai Super Kings,Chennai Super Kings,field,Chennai Super Kings,normal,L Ngidi,Maharashtra Cricket Association Stadium
1136617,2018,Mumbai,2018-05-22,,Sunrisers Hyderabad,Chennai Super Kings,Chennai Super Kings,field,Chennai Super Kings,normal,F du Plessis,Wankhede Stadium
1136618,2018,Kolkata,2018-05-23,,Kolkata Knight Riders,Rajasthan Royals,Rajasthan Royals,field,Kolkata Knight Riders,normal,AD Russell,Eden Gardens
1136619,2018,Kolkata,2018-05-25,,Sunrisers Hyderabad,Kolkata Knight Riders,Kolkata Knight Riders,field,Sunrisers Hyderabad,normal,Rashid Khan,Eden Gardens
1136620,2018,Mumbai,2018-05-27,,Sunrisers Hyderabad,Chennai Super Kings,Chennai Super Kings,field,Chennai Super Kings,normal,SR Watson,Wankhede Stadium
1175356,2019,Chennai,2019-03-23,1,Royal Challengers Bangalore,Chennai Super Kings,Chennai Super Kings,field,Chennai Super Kings,normal,Harbhajan Singh,MA Chidambaram Stadium
1175357,2019,Kolkata,2019-03-24,2,Sunrisers Hyderabad,Kolkata Knight Riders,Kolkata Knight Riders,field,Kolkata Knight Riders,normal,AD Russell,Eden Gardens
1175358,2019,Mumbai,2019-03-24,3,Delhi Capitals,Mumbai Indians,Mumbai Indians,field,Delhi Capitals,normal,RR Pant,Wankhede Stadium
1175359,2019,Jaipur,2019-03-25,4,Kings XI Punjab,Rajasthan Royals,Rajasthan Royals,field,Kings XI Punjab,normal,CH Gayle,Sawai Mansingh Stadium
1175360,2019,Delhi,2019-03-26,5,Delhi Capitals,Chennai Super Kings,Delhi Capitals,bat,Chennai Super Kings,normal,SR Watson,Arun Jaitley Stadium
1175361,2019,Kolkata,2019-03-27,6,Kolkata Knight Riders,Kings XI Punjab,Kings XI Punjab,field,Kolkata Knight Riders,normal,AD Russell,Eden Gardens
1175362,2019,Bengaluru,2019-03-28,7,Mumbai Indians,Royal Challengers Bangalore,Royal Challengers Bangalore,field,Mumbai Indians,normal,JJ Bumrah,M.Chinnaswamy Stadium
1175363,2019,Hyderabad,2019-03-29,8,Rajasthan Royals,Sunrisers Hyderabad,Rajasthan Royals,bat,Sunrisers Hyderabad,normal,Rashid Khan,Rajiv Gandhi International Stadium
1175364,2019,Chandigarh,2019-03-30,9,Mumbai Indians,Kings XI Punjab,Kings XI Punjab,field,Kings XI Punjab,normal,MA Agarwal,Punjab Cricket Association IS Bindra Stadium
1175365,2019,Delhi,2019-03-30,10,Kolkata Knight Riders,Delhi Capitals,Delhi Capitals,field,No Result,tie,PP Shaw,Arun Jaitley Stadium
1175366,2019,Hyderabad,2019-03-31,11,Sunrisers Hyderabad,Royal Challengers Bangalore,Royal Challengers Bangalore,field,Sunrisers Hyderabad,normal,JM Bairstow,Rajiv Gandhi International Stadium
1175367,2019,Chennai,2019-03-31,12,Chennai Super Kings,Rajasthan Royals,Rajasthan Royals,field,Chennai Super Kings,normal,MS Dhoni,MA Chidambaram Stadium
1175368,2019,Chandigarh,2019-04-01,13,Kings XI Punjab,Delhi Capitals,Delhi Capitals,field,Kings XI Punjab,normal,SM Curran,Punjab Cricket Association IS Bindra Stadium
1175369,2019,Jaipur,2019-04-02,14,Royal Challengers Bangalore,Rajasthan Royals,Rajasthan Royals,field,Rajasthan Royals,normal,S Gopal,Sawai Mansingh Stadium
1175370,2019,Mumbai,2019-04-03,15,Mumbai Indians,Chennai Super Kings,Chennai Super Kings,field,Mumbai Indians,normal,HH Pandya,Wankhede Stadium
1175371,2019,Delhi,2019-04-04,16,Delhi Capitals,Sunrisers Hyderabad,Sunrisers Hyderabad,field,Sunrisers Hyderabad,normal,JM Bairstow,Arun Jaitley Stadium
1175372,2019,Bengaluru,2019-04-05,17,Royal Challengers Bangalore,Kolkata Knight Riders,Kolkata Knight Riders,field,Kolkata Knight Riders,normal,AD Russell,M.Chinnaswamy Stadium
1178393,2019,Chennai,2019-04-06,18,Chennai Super Kings,Kings XI Punjab,Chennai Super Kings,bat,Chennai Super Kings,normal,Harbhajan Singh,MA Chidambaram Stadium
1178394,2019,Hyderabad,2019-04-06,19,Mumbai Indians,Sunrisers Hyderabad,Sunrisers Hyderabad,field,Mumbai Indians,normal,AS Joseph,Rajiv Gandhi International Stadium
1178395,2019,Bengaluru,2019-04-07,20,Royal Challengers Bangalore,Delhi Capitals,Delhi Capitals,field,Delhi Capitals,normal,K Rabada,M.Chinnaswamy Stadium
1178396,2019,Jaipur,2019-04-07,21,Rajasthan Royals,Kolkata Knight Riders,Kolkata Knight Riders,field,Kolkata Knight Riders,normal,HF Gurney,Sawai Mansingh Stadium
1178397,2019,Chandigarh,2019-04-08,22,Sunrisers Hyderabad,Kings XI Punjab,Kings XI Punjab,field,Kings XI Punjab,normal,KL Rahul,Punjab Cricket Association IS Bindra Stadium
1178398,2019,Chennai,2019-04-09,23,Kolkata Knight Riders,Chennai Super Kings,Chennai Super Kings,field,Chennai Super Kings,normal,DL Chahar,MA Chidambaram Stadium
1178399,2019,Mumbai,2019-04-10,24,Kings XI Punjab,Mumbai Indians,Mumbai Indians,field,Mumbai Indians,normal,KA Pollard,Wankhede Stadium
1178400,2019,Jaipur,2019-04-11,25,Rajasthan Royals,Chennai Super Kings,Chennai Super Kings,field,Chennai Super Kings,normal,MS Dhoni,Sawai Mansingh Stadium
1178401,2019,Kolkata,2019-04-12,26,Kolkata Knight Riders,Delhi Capitals,Delhi Capitals,field,Delhi Capitals,normal,S Dhawan,Eden Gardens
1178402,2019,Mumbai,2019-04-13,27,Mumbai Indians,Rajasthan Royals,Rajasthan Royals,field,Rajasthan Royals,normal,JC Buttler,Wankhede Stadium
1178403,2019,Chandigarh,2019-04-13,28,Kings XI Punjab,Royal Challengers Bangalore,Royal Challengers Bangalore,field,Royal Challengers Bangalore,normal,AB de Villiers,Punjab Cricket Association IS Bindra Stadium
1178404,2019,Kolkata,2019-04-14,29,Kolkata Knight Riders,Chennai Super Kings,Chennai Super Kings,field,Chennai Super Kings,normal,Imran Tahir,Eden Gardens
1178405,2019,Hyderabad,2019-04-14,30,Delhi Capitals,Sunrisers Hyderabad,Sunrisers Hyderabad,field,Delhi Capitals,normal,KMA Paul,Rajiv Gandhi International Stadium
1178406,2019,Mumbai,2019-04-15,31,Royal Challengers Bangalore,Mumbai Indians,Mumbai Indians,field,Mumbai Indians,normal,SL Malinga,Wankhede Stadium
1178407,2019,Chandigarh,2019-04-16,32,Kings XI Punjab,Rajasthan Royals,Rajasthan Royals,field,Kings XI Punjab,normal,R Ashwin,Punjab Cricket Association IS Bindra Stadium
1178408,2019,Hyderabad,2019-04-17,33,Chennai Super Kings,Sunrisers Hyderabad,Chennai Super Kings,bat,Sunrisers Hyderabad,normal,DA Warner,Rajiv Gandhi International Stadium
1178409,2019,Delhi,2019-04-18,34,Mumbai Indians,Delhi Capitals,Mumbai Indians,bat,Mumbai Indians,normal,HH Pandya,Arun Jaitley Stadium
1178410,2019,Kolkata,2019-04-19,35,Royal Challengers Bangalore,Kolkata Knight Riders,Kolkata Knight Riders,field,Royal Challengers Bangalore,normal,V Kohli,Eden Gardens
1178411,2019,Jaipur,2019-04-20,36,Mumbai Indians,Rajasthan Royals,Rajasthan Royals,field,Rajasthan Royals,normal,SPD Smith,Sawai Mansingh Stadium
1178412,2019,Delhi,2019-04-20,37,Kings XI Punjab,Delhi Capitals,Delhi Capitals,field,Delhi Capitals,normal,SS Iyer,Arun Jaitley Stadium
1178413,2019,Hyderabad,2019-04-21,38,Kolkata Knight Riders,Sunrisers Hyderabad,Sunrisers Hyderabad,field,Sunrisers Hyderabad,normal,KK Ahmed,Rajiv Gandhi International Stadium
1178414,2019,Bengaluru,2019-04-21,39,Royal Challengers Bangalore,Chennai Super Kings,Chennai Super Kings,field,Royal Challengers Bangalore,normal,PA Patel,M.Chinnaswamy Stadium
1178415,2019,Jaipur,2019-04-22,40,Rajasthan Royals,Delhi Capitals,Delhi Capitals,field,Delhi Capitals,normal,RR Pant,Sawai Mansingh Stadium
1178416,2019,Chennai,2019-04-23,41,Sunrisers Hyderabad,Chennai Super Kings,Chennai Super Kings,field,Chennai Super Kings,normal,SR Watson,MA Chidambaram Stadium
1178417,2019,Bengaluru,2019-04-24,42,Royal Challengers Bangalore,Kings XI Punjab,Kings XI Punjab,field,Royal Challengers Bangalore,normal,AB de Villiers,M.Chinnaswamy Stadium
1178418,2019,Kolkata,2019-04-25,43,Kolkata Knight Riders,Rajasthan Royals,Rajasthan Royals,field,Rajasthan Royals,normal,VR Aaron,Eden Gardens
1178419,2019,Chennai,2019-04-26,44,Mumbai Indians,Chennai Super Kings,Chennai Super Kings,field,Mumbai Indians,normal,RG Sharma,MA Chidambaram Stadium
1178420,2019,Jaipur,2019-04-27,45,Sunrisers Hyderabad,Rajasthan Royals,Rajasthan Royals,field,Rajasthan Royals,normal,JD Unadkat,Sawai Mansingh Stadium
1178421,2019,Delhi,2019-04-28,46,Delhi Capitals,Royal Challengers Bangalore,Delhi Capitals,bat,Delhi Capitals,normal,S Dhawan,Arun Jaitley Stadium
1178422,2019,Kolkata,2019-04-28,47,Kolkata Knight Riders,Mumbai Indians,Mumbai Indians,field,Kolkata Knight Riders,normal,AD Russell,Eden Gardens
1178423,2019,Hyderabad,2019-04-29,48,Sunrisers Hyderabad,Kings XI Punjab,Kings XI Punjab,field,Sunrisers Hyderabad,normal,DA Warner,Rajiv Gandhi International Stadium
1178424,2019,Bengaluru,2019-04-30,49,Royal Challengers Bangalore,Rajasthan Royals,Rajasthan Royals,field,No Result,no result,,M.Chinnaswamy Stadium
1178425,2019,Chennai,2019-05-01,50,Chennai Super Kings,Delhi Capitals,Delhi Capitals,field,Chennai Super Kings,normal,MS Dhoni,MA Chidambaram Stadium
1178426,2019,Mumbai,2019-05-02,51,Mumbai Indians,Sunrisers Hyderabad,Mumbai Indians,bat,No Result,tie,JJ Bumrah,Wankhede Stadium
1178427,2019,Chandigarh,2019-05-03,52,Kings XI Punjab,Kolkata Knight Riders,Kolkata Knight Riders,field,Kolkata Knight Riders,normal,Shubman Gill,Punjab Cricket Association IS Bindra Stadium
1178428,2019,Delhi,2019-05-04,53,Rajasthan Royals,Delhi Capitals,Rajasthan Royals,bat,Delhi Capitals,normal,A Mishra,Arun Jaitley Stadium
1178429,2019,Bengaluru,2019-05-04,54,Sunrisers Hyderabad,Royal Challengers Bangalore,Royal Challengers Bangalore,field,Royal Challengers Bangalore,normal,SO Hetmyer,M.Chinnaswamy Stadium
1178430,2019,Chandigarh,2019-05-05,55,Chennai Super Kings,Kings XI Punjab,Kings XI Punjab,field,Kings XI Punjab,normal,KL Rahul,Punjab Cricket Association IS Bindra Stadium
1178431,2019,Mumbai,2019-05-05,56,Kolkata Knight Riders,Mumbai Indians,Mumbai Indians,field,Mumbai Indians,normal,HH Pandya,Wankhede Stadium
1181764,2019,Chennai,2019-05-07,,Chennai Super Kings,Mumbai Indians,Chennai Super Kings,bat,Mumbai Indians,normal,SA Yadav,MA Chidambaram Stadium
1181766,2019,Visakhapatnam,2019-05-08,,Sunrisers Hyderabad,Delhi Capitals,Delhi Capitals,field,Delhi Capitals,normal,RR Pant,Dr. Y.S. Rajasekhara Reddy ACA-VDCA Cricket Stadium
1181767,2019,Visakhapatnam,2019-05-10,,Delhi Capitals,Chennai Super Kings,Chennai Super Kings,field,Chennai Super Kings,normal,F du Plessis,Dr. Y.S. Rajasekhara Reddy ACA-VDCA Cricket Stadium
1181768,2019,Hyderabad,2019-05-12,,Mumbai Indians,Chennai Super Kings,Mumbai Indians,bat,Mumbai Indians,normal,JJ Bumrah,Rajiv Gandhi International Stadium
1216492,2020/21,Abu Dhabi,2020-09-19,1,Mumbai Indians,Chennai Super Kings,Chennai Super Kings,field,Chennai Super Kings,normal,AT Rayudu,Sheikh Zayed Stadium
1216493,2020/21,Unknown,2020-09-20,2,Delhi Capitals,Kings XI Punjab,Kings XI Punjab,field,No Result,tie,MP Stoinis,Dubai International Cricket Stadium
1216534,2020/21,Unknown,2020-09-21,3,Royal Challengers Bangalore,Sunrisers Hyderabad,Sunrisers Hyderabad,field,Royal Challengers Bangalore,normal,YS Chahal,Dubai International Cricket Stadium
1216496,2020/21,Unknown,2020-09-22,4,Rajasthan Royals,Chennai Super Kings,Chennai Super Kings,field,Rajasthan Royals,normal,SV Samson,Sharjah Cricket Stadium
1216508,2020/21,Abu Dhabi,2020-09-23,5,Mumbai Indians,Kolkata Knight Riders,Kolkata Knight Riders,field,Mumbai Indians,normal,RG Sharma,Sheikh Zayed Stadium
1216510,2020/21,Unknown,2020-09-24,6,Kings XI Punjab,Royal Challengers Bangalore,Royal Challengers Bangalore,field,Kings XI Punjab,normal,KL Rahul,Dubai International Cricket Stadium
1216539,2020/21,Unknown,2020-09-25,7,Delhi Capitals,Chennai Super Kings,Chennai Super Kings,field,Delhi Capitals,normal,PP Shaw,Dubai International Cricket Stadium
1216545,2020/21,Abu Dhabi,2020-09-26,8,Sunrisers Hyderabad,Kolkata Knight Riders,Sunrisers Hyderabad,bat,Kolkata Knight Riders,normal,Shubman Gill,Sheikh Zayed Stadium
1216527,2020/21,Unknown,2020-09-27,9,Kings XI Punjab,Rajasthan Royals,Rajasthan Royals,field,Rajasthan Royals,normal,SV Samson,Sharjah Cricket Stadium
1216547,2020/21,Unknown,2020-09-28,10,Royal Challengers Bangalore,Mumbai Indians,Mumbai Indians,field,No Result,tie,AB de Villiers,Dubai International Cricket Stadium
1216532,2020/21,Abu Dhabi,2020-09-29,11,Sunrisers Hyderabad,Delhi Capitals,Delhi Capitals,field,Sunrisers Hyderabad,normal,Rashid Khan,Sheikh Zayed Stadium
1216504,2020/21,Unknown,2020-09-30,12,Kolkata Knight Riders,Rajasthan Royals,Rajasthan Royals,field,Kolkata Knight Riders,normal,Shivam Mavi,Dubai International Cricket Stadium
1216503,2020/21,Abu Dhabi,2020-10-01,13,Mumbai Indians,Kings XI Punjab,Kings XI Punjab,field,Mumbai Indians,normal,KA Pollard,Sheikh Zayed Stadium
1216516,2020/21,Unknown,2020-10-02,14,Sunrisers Hyderabad,Chennai Super Kings,Sunrisers Hyderabad,bat,Sunrisers Hyderabad,normal,PK Garg,Dubai International Cricket Stadium
1216514,2020/21,Abu Dhabi,2020-10-03,15,Rajasthan Royals,Royal Challengers Bangalore,Rajasthan Royals,bat,Royal Challengers Bangalore,normal,YS Chahal,Sheikh Zayed Stadium
1216515,2020/21,Unknown,2020-10-03,16,Delhi Capitals,Kolkata Knight Riders,Kolkata Knight Riders,field,Delhi Capitals,normal,SS Iyer,Sharjah Cricket Stadium
1216513,2020/21,Unknown,2020-10-04,18,Kings XI Punjab,Chennai Super Kings,Kings XI Punjab,bat,Chennai Super Kings,normal,SR Watson,Dubai International Cricket Stadium
1216538,2020/21,Unknown,2020-10-04,17,Mumbai Indians,Sunrisers Hyderabad,Mumbai Indians,bat,Mumbai Indians,normal,TA Boult,Sharjah Cricket Stadium
1216519,2020/21,Unknown,2020-10-05,19,Delhi Capitals,Royal Challengers Bangalore,Royal Challengers Bangalore,field,Delhi Capitals,normal,AR Patel,Dubai International Cricket Stadium
1216511,2020/21,Abu Dhabi,2020-10-06,20,Mumbai Indians,Rajasthan Royals,Mumbai Indians,bat,Mumbai Indians,normal,SA Yadav,Sheikh Zayed Stadium
1216501,2020/21,Abu Dhabi,2020-10-07,21,Kolkata Knight Riders,Chennai Super Kings,Kolkata Knight Riders,bat,Kolkata Knight Riders,normal,RA Tripathi,Sheikh Zayed Stadium
1216542,2020/21,Unknown,2020-10-08,22,Sunrisers Hyderabad,Kings XI Punjab,Sunrisers Hyderabad,bat,Sunrisers Hyderabad,normal,JM Bairstow,Dubai International Cricket Stadium
1216500,2020/21,Unknown,2020-10-09,23,Delhi Capitals,Rajasthan Royals,Rajasthan Royals,field,Delhi Capitals,normal,R Ashwin,Sharjah Cricket Stadium
1216523,2020/21,Abu Dhabi,2020-10-10,24,Kolkata Knight Riders,Kings XI Punjab,Kolkata Knight Riders,bat,Kolkata Knight Riders,normal,KD Karthik,Sheikh Zayed Stadium
1216525,2020/21,Unknown,2020-10-10,25,Royal Challengers Bangalore,Chennai Super Kings,Royal Challengers Bangalore,bat,Royal Challengers Bangalore,normal,V Kohli,Dubai International Cricket Stadium
1216507,2020/21,Unknown,2020-10-11,26,Sunrisers Hyderabad,Rajasthan Royals,Sunrisers Hyderabad,bat,Rajasthan Royals,normal,R Tewatia,Dubai International Cricket Stadium
1216529,2020/21,Abu Dhabi,2020-10-11,27,Delhi Capitals,Mumbai Indians,Delhi Capitals,bat,Mumbai Indians,normal,Q de Kock,Sheikh Zayed Stadium
1216540,2020/21,Unknown,2020-10-12,28,Royal Challengers Bangalore,Kolkata Knight Riders,Royal Challengers Bangalore,bat,Royal Challengers Bangalore,normal,AB de Villiers,Sharjah Cricket Stadium
1216528,2020/21,Unknown,2020-10-13,29,Chennai Super Kings,Sunrisers Hyderabad,Chennai Super Kings,bat,Chennai Super Kings,normal,RA Jadeja,Dubai International Cricket Stadium
1216543,2020/21,Unknown,2020-10-14,30,Delhi Capitals,Rajasthan Royals,Delhi Capitals,bat,Delhi Capitals,normal,A Nortje,Dubai International Cricket Stadium
1216531,2020/21,Unknown,2020-10-15,31,Royal Challengers Bangalore,Kings XI Punjab,Royal Challengers Bangalore,bat,Kings XI Punjab,normal,KL Rahul,Sharjah Cricket Stadium
1216526,2020/21,Abu Dhabi,2020-10-16,32,Kolkata Knight Riders,Mumbai Indians,Kolkata Knight Riders,bat,Mumbai Indians,normal,Q de Kock,Sheikh Zayed Stadium
1216509,2020/21,Unknown,2020-10-17,34,Chennai Super Kings,Delhi Capitals,Chennai Super Kings,bat,Delhi Capitals,normal,S Dhawan,Sharjah Cricket Stadium
1216522,2020/21,Unknown,2020-10-17,33,Rajasthan Royals,Royal Challengers Bangalore,Rajasthan Royals,bat,Royal Challengers Bangalore,normal,AB de Villiers,Dubai International Cricket Stadium
1216512,2020/21,Abu Dhabi,2020-10-18,35,Kolkata Knight Riders,Sunrisers Hyderabad,Sunrisers Hyderabad,field,No Result,tie,LH Ferguson,Sheikh Zayed Stadium
1216517,2020/21,Unknown,2020-10-18,36,Mumbai Indians,Kings XI Punjab,Mumbai Indians,bat,No Result,tie,KL Rahul,Dubai International Cricket Stadium
1216533,2020/21,Abu Dhabi,2020-10-19,37,Chennai Super Kings,Rajasthan Royals,Chennai Super Kings,bat,Rajasthan Royals,normal,JC Buttler,Sheikh Zayed Stadium
1216546,2020/21,Unknown,2020-10-20,38,Delhi Capitals,Kings XI Punjab,Delhi Capitals,bat,Kings XI Punjab,normal,S Dhawan,Dubai International Cricket Stadium
1216494,2020/21,Abu Dhabi,2020-10-21,39,Kolkata Knight Riders,Royal Challengers Bangalore,Kolkata Knight Riders,bat,Royal Challengers Bangalore,normal,Mohammed Siraj,Sheikh Zayed Stadium
1216518,2020/21,Unknown,2020-10-22,40,Rajasthan Royals,Sunrisers Hyderabad,Sunrisers Hyderabad,field,Sunrisers Hyderabad,normal,MK Pandey,Dubai International Cricket Stadium
1216521,2020/21,Unknown,2020-10-23,41,Chennai Super Kings,Mumbai Indians,Mumbai Indians,field,Mumbai Indians,normal,TA Boult,Sharjah Cricket Stadium
1216497,2020/21,Abu Dhabi,2020-10-24,42,Kolkata Knight Riders,Delhi Capitals,Delhi Capitals,field,Kolkata Knight Riders,normal,CV Varun,Sheikh Zayed Stadium
1216498,2020/21,Unknown,2020-10-24,43,Kings XI Punjab,Sunrisers Hyderabad,Sunrisers Hyderabad,field,Kings XI Punjab,normal,CJ Jordan,Dubai International Cricket Stadium
1216541,2020/21,Abu Dhabi,2020-10-25,45,Mumbai Indians,Rajasthan Royals,Mumbai Indians,bat,Rajasthan Royals,normal,BA Stokes,Sheikh Zayed Stadium
1216544,2020/21,Unknown,2020-10-25,44,Royal Challengers Bangalore,Chennai Super Kings,Royal Challengers Bangalore,bat,Chennai Super Kings,normal,RD Gaikwad,Dubai International Cricket Stadium
1216520,2020/21,Unknown,2020-10-26,46,Kolkata Knight Riders,Kings XI Punjab,Kings XI Punjab,field,Kings XI Punjab,normal,CH Gayle,Sharjah Cricket Stadium
1216524,2020/21,Unknown,2020-10-27,47,Sunrisers Hyderabad,Delhi Capitals,Delhi Capitals,field,Sunrisers Hyderabad,normal,WP Saha,Dubai International Cricket Stadium
1216499,2020/21,Abu Dhabi,2020-10-28,48,Royal Challengers Bangalore,Mumbai Indians,Mumbai Indians,field,Mumbai Indians,normal,SA Yadav,Sheikh Zayed Stadium
1216536,2020/21,Unknown,2020-10-29,49,Kolkata Knight Riders,Chennai Super Kings,Chennai Super Kings,field,Chennai Super Kings,normal,RD Gaikwad,Dubai International Cricket Stadium
1216537,2020/21,Abu Dhabi,2020-10-30,50,Kings XI Punjab,Rajasthan Royals,Rajasthan Royals,field,Rajasthan Royals,normal,BA Stokes,Sheikh Zayed Stadium
1216502,2020/21,Unknown,2020-10-31,52,Royal Challengers Bangalore,Sunrisers Hyderabad,Sunrisers Hyderabad,field,Sunrisers Hyderabad,normal,Sandeep Sharma,Sharjah Cricket Stadium
1216535,2020/21,Unknown,2020-10-31,51,Delhi Capitals,Mumbai Indians,Mumbai Indians,field,Mumbai Indians,normal,Ishan Kishan,Dubai International Cricket Stadium
1216506,2020/21,Abu Dhabi,2020-11-01,53,Kings XI Punjab,Chennai Super Kings,Chennai Super Kings,field,Chennai Super Kings,normal,RD Gaikwad,Sheikh Zayed Stadium
1216530,2020/21,Unknown,2020-11-01,54,Kolkata Knight Riders,Rajasthan Royals,Rajasthan Royals,field,Kolkata Knight Riders,normal,PJ Cummins,Dubai International Cricket Stadium
1216505,2020/21,Abu Dhabi,2020-11-02,55,Royal Challengers Bangalore,Delhi Capitals,Delhi Capitals,field,Delhi Capitals,normal,A Nortje,Sheikh Zayed Stadium
1216495,2020/21,Unknown,2020-11-03,56,Mumbai Indians,Sunrisers Hyderabad,Sunrisers Hyderabad,field,Sunrisers Hyderabad,normal,S Nadeem,Sharjah Cricket Stadium
1237177,2020/21,Unknown,2020-11-05,,Mumbai Indians,Delhi Capitals,Delhi Capitals,field,Mumbai Indians,normal,JJ Bumrah,Dubai International Cricket Stadium
1237178,2020/21,Abu Dhabi,2020-11-06,,Royal Challengers Bangalore,Sunrisers Hyderabad,Sunrisers Hyderabad,field,Sunrisers Hyderabad,normal,KS Williamson,Sheikh Zayed Stadium
1237180,2020/21,Abu Dhabi,2020-11-08,,Delhi Capitals,Sunrisers Hyderabad,Delhi Capitals,bat,Delhi Capitals,normal,MP Stoinis,Sheikh Zayed Stadium
1237181,2020/21,Unknown,2020-11-10,,Delhi Capitals,Mumbai Indians,Delhi Capitals,bat,Mumbai Indians,normal,TA Boult,Dubai International Cricket Stadium
1254058,2021,Chennai,2021-04-09,1,Mumbai Indians,Royal Challengers Bangalore,Royal Challengers Bangalore,field,Royal Challengers Bangalore,normal,HV Patel,"MA Chidambaram Stadium, Chepauk, Chennai"
1254059,2021,Mumbai,2021-04-10,2,Chennai Super Kings,Delhi Capitals,Delhi Capitals,field,Delhi Capitals,normal,S Dhawan,"Wankhede Stadium, Mumbai"
1254060,2021,Chennai,2021-04-11,3,Kolkata Knight Riders,Sunrisers Hyderabad,Sunrisers Hyderabad,field,Kolkata Knight Riders,normal,N Rana,"MA Chidambaram Stadium, Chepauk, Chennai"
1254061,2021,Mumbai,2021-04-12,4,Punjab Kings,Rajasthan Royals,Rajasthan Royals,field,Punjab Kings,normal,SV Samson,"Wankhede Stadium, Mumbai"
1254062,2021,Chennai,2021-04-13,5,Mumbai Indians,Kolkata Knight Riders,Kolkata Knight Riders,field,Mumbai Indians,normal,RD Chahar,"MA Chidambaram Stadium, Chepauk, Chennai"
1254063,2021,Chennai,2021-04-14,6,Royal Challengers Bangalore,Sunrisers Hyderabad,Sunrisers Hyderabad,field,Royal Challengers Bangalore,normal,GJ Maxwell,"MA Chidambaram Stadium, Chepauk, Chennai"
1254064,2021,Mumbai,2021-04-15,7,Delhi Capitals,Rajasthan Royals,Rajasthan Royals,field,Rajasthan Royals,normal,JD Unadkat,"Wankhede Stadium, Mumbai"
1254065,2021,Mumbai,2021-04-16,8,Punjab Kings,Chennai Super Kings,Chennai Super Kings,field,Chennai Super Kings,normal,DL Chahar,"Wankhede Stadium, Mumbai"
1254066,2021,Chennai,2021-04-17,9,Mumbai Indians,Sunrisers Hyderabad,Mumbai Indians,bat,Mumbai Indians,normal,KA Pollard,"MA Chidambaram Stadium, Chepauk, Chennai"
1254067,2021,Chennai,2021-04-18,10,Royal Challengers Bangalore,Kolkata Knight Riders,Royal Challengers Bangalore,bat,Royal Challengers Bangalore,normal,AB de Villiers,"MA Chidambaram Stadium, Chepauk, Chennai"
1254068,2021,Mumbai,2021-04-18,11,Punjab Kings,Delhi Capitals,Delhi Capitals,field,Delhi Capitals,normal,S Dhawan,"Wankhede Stadium, Mumbai"
1254069,2021,Mumbai,2021-04-19,12,Chennai Super Kings,Rajasthan Royals,Rajasthan Royals,field,Chennai Super Kings,normal,MM Ali,"Wankhede Stadium, Mumbai"
1254070,2021,Chennai,2021-04-20,13,Mumbai Indians,Delhi Capitals,Mumbai Indians,bat,Delhi Capitals,normal,A Mishra,"MA Chidambaram Stadium, Chepauk, Chennai"
1254071,2021,Chennai,2021-04-21,14,Punjab Kings,Sunrisers Hyderabad,Punjab Kings,bat,Sunrisers Hyderabad,normal,JM Bairstow,"MA Chidambaram Stadium, Chepauk, Chennai"
1254072,2021,Mumbai,2021-04-21,15,Chennai Super Kings,Kolkata Knight Riders,Kolkata Knight Riders,field,Chennai Super Kings,normal,F du Plessis,"Wankhede Stadium, Mumbai"
1254073,2021,Mumbai,2021-04-22,16,Rajasthan Royals,Royal Challengers Bangalore,Royal Challengers Bangalore,field,Royal Challengers Bangalore,normal,D Padikkal,"Wankhede Stadium, Mumbai"
1254074,2021,Chennai,2021-04-23,17,Mumbai Indians,Punjab Kings,Punjab Kings,field,Punjab Kings,normal,KL Rahul,"MA Chidambaram Stadium, Chepauk, Chennai"
1254075,2021,Mumbai,2021-04-24,18,Kolkata Knight Riders,Rajasthan Royals,Rajasthan Royals,field,Rajasthan Royals,normal,CH Morris,"Wankhede Stadium, Mumbai"
1254076,2021,Mumbai,2021-04-25,19,Chennai Super Kings,Royal Challengers Bangalore,Chennai Super Kings,bat,Chennai Super Kings,normal,RA Jadeja,"Wankhede Stadium, Mumbai"
1254077,2021,Chennai,2021-04-25,20,Delhi Capitals,Sunrisers Hyderabad,Delhi Capitals,bat,No Result,tie,PP Shaw,"MA Chidambaram Stadium, Chepauk, Chennai"
1254078,2021,Ahmedabad,2021-04-26,21,Punjab Kings,Kolkata Knight Riders,Kolkata Knight Riders,field,Kolkata Knight Riders,normal,EJG Morgan,"Narendra Modi Stadium, Ahmedabad"
1254079,2021,Ahmedabad,2021-04-27,22,Royal Challengers Bangalore,Delhi Capitals,Delhi Capitals,field,Royal Challengers Bangalore,normal,AB de Villiers,"Narendra Modi Stadium, Ahmedabad"
1254080,2021,Delhi,2021-04-28,23,Sunrisers Hyderabad,Chennai Super Kings,Sunrisers Hyderabad,bat,Chennai Super Kings,normal,RD Gaikwad,"Arun Jaitley Stadium, Delhi"
1254081,2021,Delhi,2021-04-29,24,Rajasthan Royals,Mumbai Indians,Mumbai Indians,field,Mumbai Indians,normal,Q de Kock,"Arun Jaitley Stadium, Delhi"
1254082,2021,Ahmedabad,2021-04-29,25,Kolkata Knight Riders,Delhi Capitals,Delhi Capitals,field,Delhi Capitals,normal,PP Shaw,"Narendra Modi Stadium, Ahmedabad"
1254083,2021,Ahmedabad,2021-04-30,26,Punjab Kings,Royal Challengers Bangalore,Royal Challengers Bangalore,field,Punjab Kings,normal,Harpreet Brar,"Narendra Modi Stadium, Ahmedabad"
1254084,2021,Delhi,2021-05-01,27,Chennai Super Kings,Mumbai Indians,Mumbai Indians,field,Mumbai Indians,normal,KA Pollard,"Arun Jaitley Stadium, Delhi"
1254085,2021,Delhi,2021-05-02,28,Rajasthan Royals,Sunrisers Hyderabad,Sunrisers Hyderabad,field,Rajasthan Royals,normal,JC Buttler,"Arun Jaitley Stadium, Delhi"
1254086,2021,Ahmedabad,2021-05-02,29,Punjab Kings,Delhi Capitals,Delhi Capitals,field,Delhi Capitals,normal,MA Agarwal,"Narendra Modi Stadium, Ahmedabad"
1254104,2021,Dubai,2021-09-19,30,Chennai Super Kings,Mumbai Indians,Chennai Super Kings,bat,Chennai Super Kings,normal,RD Gaikwad,Dubai International Cricket Stadium
1254087,2021,Abu Dhabi,2021-09-20,31,Royal Challengers Bangalore,Kolkata Knight Riders,Royal Challengers Bangalore,bat,Kolkata Knight Riders,normal,CV Varun,"Zayed Cricket Stadium, Abu Dhabi"
1254111,2021,Dubai,2021-09-21,32,Rajasthan Royals,Punjab Kings,Punjab Kings,field,Rajasthan Royals,normal,Kartik Tyagi,Dubai International Cricket Stadium
1254105,2021,Dubai,2021-09-22,33,Sunrisers Hyderabad,Delhi Capitals,Sunrisers Hyderabad,bat,Delhi Capitals,normal,A Nortje,Dubai International Cricket Stadium
1254096,2021,Abu Dhabi,2021-09-23,34,Mumbai Indians,Kolkata Knight Riders,Kolkata Knight Riders,field,Kolkata Knight Riders,normal,SP Narine,"Zayed Cricket Stadium, Abu Dhabi"
1254113,2021,Sharjah,2021-09-24,35,Royal Challengers Bangalore,Chennai Super Kings,Chennai Super Kings,field,Chennai Super Kings,normal,DJ Bravo,Sharjah Cricket Stadium
1254097,2021,Abu Dhabi,2021-09-25,36,Delhi Capitals,Rajasthan Royals,Rajasthan Royals,field,Delhi Capitals,normal,SS Iyer,"Zayed Cricket Stadium, Abu Dhabi"
1254107,2021,Sharjah,2021-09-25,37,Punjab Kings,Sunrisers Hyderabad,Sunrisers Hyderabad,field,Punjab Kings,normal,JO Holder,Sharjah Cricket Stadium
1254098,2021,Abu Dhabi,2021-09-26,38,Kolkata Knight Riders,Chennai Super Kings,Kolkata Knight Riders,bat,Chennai Super Kings,normal,RA Jadeja,"Zayed Cricket Stadium, Abu Dhabi"
1254108,2021,Dubai,2021-09-26,39,Royal Challengers Bangalore,Mumbai Indians,Mumbai Indians,field,Royal Challengers Bangalore,normal,GJ Maxwell,Dubai International Cricket Stadium
1254100,2021,Dubai,2021-09-27,40,Rajasthan Royals,Sunrisers Hyderabad,Rajasthan Royals,bat,Sunrisers Hyderabad,normal,JJ Roy,Dubai International Cricket Stadium
1254092,2021,Sharjah,2021-09-28,41,Delhi Capitals,Kolkata Knight Riders,Kolkata Knight Riders,field,Kolkata Knight Riders,normal,SP Narine,Sharjah Cricket Stadium
1254099,2021,Abu Dhabi,2021-09-28,42,Punjab Kings,Mumbai Indians,Mumbai Indians,field,Mumbai Indians,normal,KA Pollard,"Zayed Cricket Stadium, Abu Dhabi"
1254103,2021,Dubai,2021-09-29,43,Rajasthan Royals,Royal Challengers Bangalore,Royal Challengers Bangalore,field,Royal Challengers Bangalore,normal,YS Chahal,Dubai International Cricket Stadium
1254091,2021,Sharjah,2021-09-30,44,Sunrisers Hyderabad,Chennai Super Kings,Chennai Super Kings,field,Chennai Super Kings,normal,JR Hazlewood,Sharjah Cricket Stadium
1254102,2021,Dubai,2021-10-01,45,Kolkata Knight Riders,Punjab Kings,Punjab Kings,field,Punjab Kings,normal,KL Rahul,Dubai International Cricket Stadium
1254089,2021,Abu Dhabi,2021-10-02,47,Chennai Super Kings,Rajasthan Royals,Rajasthan Royals,field,Rajasthan Royals,normal,RD Gaikwad,"Zayed Cricket Stadium, Abu Dhabi"
1254112,2021,Sharjah,2021-10-02,46,Mumbai Indians,Delhi Capitals,Delhi Capitals,field,Delhi Capitals,normal,AR Patel,Sharjah Cricket Stadium
1254090,2021,Sharjah,2021-10-03,48,Royal Challengers Bangalore,Punjab Kings,Royal Challengers Bangalore,bat,Royal Challengers Bangalore,normal,GJ Maxwell,Sharjah Cricket Stadium
1254109,2021,Dubai,2021-10-03,49,Sunrisers Hyderabad,Kolkata Knight Riders,Sunrisers Hyderabad,bat,Kolkata Knight Riders,normal,Shubman Gill,Dubai International Cricket Stadium
1254110,2021,Dubai,2021-10-04,50,Chennai Super Kings,Delhi Capitals,Delhi Capitals,field,Delhi Capitals,normal,AR Patel,Dubai International Cricket Stadium
1254093,2021,Sharjah,2021-10-05,51,Rajasthan Royals,Mumbai Indians,Mumbai Indians,field,Mumbai Indians,normal,NM Coulter-Nile,Sharjah Cricket Stadium
1254095,2021,Abu Dhabi,2021-10-06,52,Sunrisers Hyderabad,Royal Challengers Bangalore,Royal Challengers Bangalore,field,Sunrisers Hyderabad,normal,KS Williamson,"Zayed Cricket Stadium, Abu Dhabi"
1254094,2021,Dubai,2021-10-07,53,Chennai Super Kings,Punjab Kings,Punjab Kings,field,Punjab Kings,normal,KL Rahul,Dubai International Cricket Stadium
1254106,2021,Sharjah,2021-10-07,54,Kolkata Knight Riders,Rajasthan Royals,Rajasthan Royals,field,Kolkata Knight Riders,normal,Shivam Mavi,Sharjah Cricket Stadium
1254088,2021,Abu Dhabi,2021-10-08,55,Mumbai Indians,Sunrisers Hyderabad,Mumbai Indians,bat,Mumbai Indians,normal,Ishan Kishan,"Zayed Cricket Stadium, Abu Dhabi"
1254101,2021,Dubai,2021-10-08,56,Delhi Capitals,Royal Challengers Bangalore,Royal Challengers Bangalore,field,Royal Challengers Bangalore,normal,KS Bharat,Dubai International Cricket Stadium
1254114,2021,Dubai,2021-10-10,,Delhi Capitals,Chennai Super Kings,Chennai Super Kings,field,Chennai Super Kings,normal,RD Gaikwad,Dubai International Cricket Stadium
1254115,2021,Sharjah,2021-10-11,,Royal Challengers Bangalore,Kolkata Knight Riders,Royal Challengers Bangalore,bat,Kolkata Knight Riders,normal,SP Narine,Sharjah Cricket Stadium
1254116,2021,Sharjah,2021-10-13,,Delhi Capitals,Kolkata Knight Riders,Kolkata Knight Riders,field,Kolkata Knight Riders,normal,VR Iyer,Sharjah Cricket Stadium
1254117,2021,Dubai,2021-10-15,,Chennai Super Kings,Kolkata Knight Riders,Kolkata Knight Riders,field,Chennai Super Kings,normal,F du Plessis,Dubai International Cricket Stadium
1304047,2022,Mumbai,2022-03-26,1,Chennai Super Kings,Kolkata Knight Riders,Kolkata Knight Riders,field,Kolkata Knight Riders,normal,UT Yadav,"Wankhede Stadium, Mumbai"
1304048,2022,Mumbai,2022-03-27,2,Mumbai Indians,Delhi Capitals,Delhi Capitals,field,Delhi Capitals,normal,Kuldeep Yadav,"Brabourne Stadium, Mumbai"
1304049,2022,Mumbai,2022-03-27,3,Royal Challengers Bangalore,Punjab Kings,Punjab Kings,field,Punjab Kings,normal,OF Smith,"Dr DY Patil Sports Academy, Mumbai"
1304050,2022,Mumbai,2022-03-28,4,Lucknow Super Giants,Gujarat Titans,Gujarat Titans,field,Gujarat Titans,normal,Mohammed Shami,"Wankhede Stadium, Mumbai"
1304051,2022,Pune,2022-03-29,5,Rajasthan Royals,Sunrisers Hyderabad,Sunrisers Hyderabad,field,Rajasthan Royals,normal,SV Samson,"Maharashtra Cricket Association Stadium, Pune"
1304052,2022,Mumbai,2022-03-30,6,Kolkata Knight Riders,Royal Challengers Bangalore,Royal Challengers Bangalore,field,Royal Challengers Bangalore,normal,PWH de Silva,"Dr DY Patil Sports Academy, Mumbai"
1304053,2022,Mumbai,2022-03-31,7,Chennai Super Kings,Lucknow Super Giants,Lucknow Super Giants,field,Lucknow Super Giants,normal,E Lewis,"Brabourne Stadium, Mumbai"
1304054,2022,Mumbai,2022-04-01,8,Punjab Kings,Kolkata Knight Riders,Kolkata Knight Riders,field,Kolkata Knight Riders,normal,UT Yadav,"Wankhede Stadium, Mumbai"
1304055,2022,Mumbai,2022-04-02,9,Rajasthan Royals,Mumbai Indians,Mumbai Indians,field,Rajasthan Royals,normal,JC Buttler,"Dr DY Patil Sports Academy, Mumbai"
1304056,2022,Pune,2022-04-02,10,Gujarat Titans,Delhi Capitals,Delhi Capitals,field,Gujarat Titans,normal,LH Ferguson,"Maharashtra Cricket Association Stadium, Pune"
1304057,2022,Mumbai,2022-04-03,11,Punjab Kings,Chennai Super Kings,Chennai Super Kings,field,Punjab Kings,normal,LS Livingstone,"Brabourne Stadium, Mumbai"
1304058,2022,Mumbai,2022-04-04,12,Lucknow Super Giants,Sunrisers Hyderabad,Sunrisers Hyderabad,field,Lucknow Super Giants,normal,Avesh Khan,"Dr DY Patil Sports Academy, Mumbai"
1304059,2022,Mumbai,2022-04-05,13,Rajasthan Royals,Royal Challengers Bangalore,Royal Challengers Bangalore,field,Royal Challengers Bangalore,normal,KD Karthik,"Wankhede Stadium, Mumbai"
1304060,2022,Pune,2022-04-06,14,Mumbai Indians,Kolkata Knight Riders,Kolkata Knight Riders,field,Kolkata Knight Riders,normal,PJ Cummins,"Maharashtra Cricket Association Stadium, Pune"
1304061,2022,Mumbai,2022-04-07,15,Delhi Capitals,Lucknow Super Giants,Lucknow Super Giants,field,Lucknow Super Giants,normal,Q de Kock,"Dr DY Patil Sports Academy, Mumbai"
1304062,2022,Mumbai,2022-04-08,16,Punjab Kings,Gujarat Titans,Gujarat Titans,field,Gujarat Titans,normal,Shubman Gill,"Brabourne Stadium, Mumbai"
1304063,2022,Mumbai,2022-04-09,17,Chennai Super Kings,Sunrisers Hyderabad,Sunrisers Hyderabad,field,Sunrisers Hyderabad,normal,Abhishek Sharma,"Dr DY Patil Sports Academy, Mumbai"
1304064,2022,Pune,2022-04-09,18,Mumbai Indians,Royal Challengers Bangalore,Royal Challengers Bangalore,field,Royal Challengers Bangalore,normal,Anuj Rawat,"Maharashtra Cricket Association Stadium, Pune"
1304065,2022,Mumbai,2022-04-10,19,Delhi Capitals,Kolkata Knight Riders,Kolkata Knight Riders,field,Delhi Capitals,normal,Kuldeep Yadav,"Brabourne Stadium, Mumbai"
1304066,2022,Mumbai,2022-04-10,20,Rajasthan Royals,Lucknow Super Giants,Lucknow Super Giants,field,Rajasthan Royals,normal,YS Chahal,"Wankhede Stadium, Mumbai"
1304067,2022,Mumbai,2022-04-11,21,Gujarat Titans,Sunrisers Hyderabad,Sunrisers Hyderabad,field,Sunrisers Hyderabad,normal,KS Williamson,"Dr DY Patil Sports Academy, Mumbai"
1304068,2022,Mumbai,2022-04-12,22,Chennai Super Kings,Royal Challengers Bangalore,Royal Challengers Bangalore,field,Chennai Super Kings,normal,S Dube,"Dr DY Patil Sports Academy, Mumbai"
1304069,2022,Pune,2022-04-13,23,Punjab Kings,Mumbai Indians,Mumbai Indians,field,Punjab Kings,normal,MA Agarwal,"Maharashtra Cricket Association Stadium, Pune"
1304070,2022,Mumbai,2022-04-14,24,Gujarat Titans,Rajasthan Royals,Rajasthan Royals,field,Gujarat Titans,normal,HH Pandya,"Dr DY Patil Sports Academy, Mumbai"
1304071,2022,Mumbai,2022-04-15,25,Kolkata Knight Riders,Sunrisers Hyderabad,Sunrisers Hyderabad,field,Sunrisers Hyderabad,normal,RA Tripathi,"Brabourne Stadium, Mumbai"
1304072,2022,Mumbai,2022-04-16,26,Lucknow Super Giants,Mumbai Indians,Mumbai Indians,field,Lucknow Super Giants,normal,KL Rahul,"Brabourne Stadium, Mumbai"
1304073,2022,Mumbai,2022-04-16,27,Royal Challengers Bangalore,Delhi Capitals,Delhi Capitals,field,Royal Challengers Bangalore,normal,KD Karthik,"Wankhede Stadium, Mumbai"
1304074,2022,Mumbai,2022-04-17,28,Punjab Kings,Sunrisers Hyderabad,Sunrisers Hyderabad,field,Sunrisers Hyderabad,normal,Umran Malik,"Dr DY Patil Sports Academy, Mumbai"
1304075,2022,Pune,2022-04-17,29,Chennai Super Kings,Gujarat Titans,Gujarat Titans,field,Gujarat Titans,normal,DA Miller,"Maharashtra Cricket Association Stadium, Pune"
1304076,2022,Mumbai,2022-04-18,30,Rajasthan Royals,Kolkata Knight Riders,Kolkata Knight Riders,field,Rajasthan Royals,normal,YS Chahal,"Brabourne Stadium, Mumbai"
1304077,2022,Mumbai,2022-04-19,31,Royal Challengers Bangalore,Lucknow Super Giants,Lucknow Super Giants,field,Royal Challengers Bangalore,normal,F du Plessis,"Dr DY Patil Sports Academy, Mumbai"
1304078,2022,Mumbai,2022-04-20,32,Punjab Kings,Delhi Capitals,Delhi Capitals,field,Delhi Capitals,normal,Kuldeep Yadav,"Brabourne Stadium, Mumbai"
1304079,2022,Navi Mumbai,2022-04-21,33,Mumbai Indians,Chennai Super Kings,Chennai Super Kings,field,Chennai Super Kings,normal,Mukesh Choudhary,"Dr DY Patil Sports Academy, Mumbai"
1304080,2022,Mumbai,2022-04-22,34,Rajasthan Royals,Delhi Capitals,Delhi Capitals,field,Rajasthan Royals,normal,JC Buttler,"Wankhede Stadium, Mumbai"
1304081,2022,Navi Mumbai,2022-04-23,35,Gujarat Titans,Kolkata Knight Riders,Gujarat Titans,bat,Gujarat Titans,normal,Rashid Khan,"Dr DY Patil Sports Academy, Mumbai"
1304082,2022,Mumbai,2022-04-23,36,Royal Challengers Bangalore,Sunrisers Hyderabad,Sunrisers Hyderabad,field,Sunrisers Hyderabad,normal,M Jansen,"Brabourne Stadium, Mumbai"
1304083,2022,Mumbai,2022-04-24,37,Lucknow Super Giants,Mumbai Indians,Mumbai Indians,field,Lucknow Super Giants,normal,KL Rahul,"Wankhede Stadium, Mumbai"
1304084,2022,Mumbai,2022-04-25,38,Punjab Kings,Chennai Super Kings,Chennai Super Kings,field,Punjab Kings,normal,S Dhawan,"Wankhede Stadium, Mumbai"
1304085,2022,Pune,2022-04-26,39,Rajasthan Royals,Royal Challengers Bangalore,Royal Challengers Bangalore,field,Rajasthan Royals,normal,R Parag,"Maharashtra Cricket Association Stadium, Pune"
1304086,2022,Mumbai,2022-04-27,40,Sunrisers Hyderabad,Gujarat Titans,Gujarat Titans,field,Gujarat Titans,normal,Umran Malik,"Wankhede Stadium, Mumbai"
1304087,2022,Mumbai,2022-04-28,41,Kolkata Knight Riders,Delhi Capitals,Delhi Capitals,field,Delhi Capitals,normal,Kuldeep Yadav,"Wankhede Stadium, Mumbai"
1304088,2022,Pune,2022-04-29,42,Lucknow Super Giants,Punjab Kings,Punjab Kings,field,Lucknow Super Giants,normal,KH Pandya,"Maharashtra Cricket Association Stadium, Pune"
1304089,2022,Mumbai,2022-04-30,43,Royal Challengers Bangalore,Gujarat Titans,Royal Challengers Bangalore,bat,Gujarat Titans,normal,R Tewatia,"Brabourne Stadium, Mumbai"
1304090,2022,Navi Mumbai,2022-04-30,44,Rajasthan Royals,Mumbai Indians,Mumbai Indians,field,Mumbai Indians,normal,SA Yadav,"Dr DY Patil Sports Academy, Mumbai"
1304091,2022,Mumbai,2022-05-01,45,Lucknow Super Giants,Delhi Capitals,Lucknow Super Giants,bat,Lucknow Super Giants,normal,Mohsin Khan,"Wankhede Stadium, Mumbai"
1304092,2022,Pune,2022-05-01,46,Chennai Super Kings,Sunrisers Hyderabad,Sunrisers Hyderabad,field,Chennai Super Kings,normal,RD Gaikwad,"Maharashtra Cricket Association Stadium, Pune"
1304093,2022,Mumbai,2022-05-02,47,Rajasthan Royals,Kolkata Knight Riders,Kolkata Knight Riders,field,Kolkata Knight Riders,normal,RK Singh,"Wankhede Stadium, Mumbai"
1304094,2022,Navi Mumbai,2022-05-03,48,Gujarat Titans,Punjab Kings,Gujarat Titans,bat,Punjab Kings,normal,K Rabada,"Dr DY Patil Sports Academy, Mumbai"
1304095,2022,Pune,2022-05-04,49,Royal Challengers Bangalore,Chennai Super Kings,Chennai Super Kings,field,Royal Challengers Bangalore,normal,HV Patel,"Maharashtra Cricket Association Stadium, Pune"
1304096,2022,Mumbai,2022-05-05,50,Delhi Capitals,Sunrisers Hyderabad,Sunrisers Hyderabad,field,Delhi Capitals,normal,DA Warner,"Brabourne Stadium, Mumbai"
1304097,2022,Mumbai,2022-05-06,51,Mumbai Indians,Gujarat Titans,Gujarat Titans,field,Mumbai Indians,normal,TH David,"Brabourne Stadium, Mumbai"
1304098,2022,Mumbai,2022-05-07,52,Punjab Kings,Rajasthan Royals,Punjab Kings,bat,Rajasthan Royals,normal,YBK Jaiswal,"Wankhede Stadium, Mumbai"
1304099,2022,Pune,2022-05-07,53,Lucknow Super Giants,Kolkata Knight Riders,Kolkata Knight Riders,field,Lucknow Super Giants,normal,Avesh Khan,"Maharashtra Cricket Association Stadium, Pune"
1304100,2022,Mumbai,2022-05-08,54,Royal Challengers Bangalore,Sunrisers Hyderabad,Royal Challengers Bangalore,bat,Royal Challengers Bangalore,normal,PWH de Silva,"Wankhede Stadium, Mumbai"
1304101,2022,Navi Mumbai,2022-05-08,55,Chennai Super Kings,Delhi Capitals,Delhi Capitals,field,Chennai Super Kings,normal,DP Conway,"Dr DY Patil Sports Academy, Mumbai"
1304102,2022,Navi Mumbai,2022-05-09,56,Kolkata Knight Riders,Mumbai Indians,Mumbai Indians,field,Kolkata Knight Riders,normal,JJ Bumrah,"Dr DY Patil Sports Academy, Mumbai"
1304103,2022,Pune,2022-05-10,57,Gujarat Titans,Lucknow Super Giants,Gujarat Titans,bat,Gujarat Titans,normal,Shubman Gill,"Maharashtra Cricket Association Stadium, Pune"
1304104,2022,Navi Mumbai,2022-05-11,58,Rajasthan Royals,Delhi Capitals,Delhi Capitals,field,Delhi Capitals,normal,MR Marsh,"Dr DY Patil Sports Academy, Mumbai"
1304105,2022,Mumbai,2022-05-12,59,Chennai Super Kings,Mumbai Indians,Mumbai Indians,field,Mumbai Indians,normal,DR Sams,"Wankhede Stadium, Mumbai"
1304106,2022,Mumbai,2022-05-13,60,Punjab Kings,Royal Challengers Bangalore,Royal Challengers Bangalore,field,Punjab Kings,normal,JM Bairstow,"Brabourne Stadium, Mumbai"
1304107,2022,Pune,2022-05-14,61,Kolkata Knight Riders,Sunrisers Hyderabad,Kolkata Knight Riders,bat,Kolkata Knight Riders,normal,AD Russell,"Maharashtra Cricket Association Stadium, Pune"
1304108,2022,Mumbai,2022-05-15,62,Chennai Super Kings,Gujarat Titans,Chennai Super Kings,bat,Gujarat Titans,normal,WP Saha,"Wankhede Stadium, Mumbai"
1304109,2022,Mumbai,2022-05-15,63,Rajasthan Royals,Lucknow Super Giants,Rajasthan Royals,bat,Rajasthan Royals,normal,TA Boult,"Brabourne Stadium, Mumbai"
1304110,2022,Navi Mumbai,2022-05-16,64,Delhi Capitals,Punjab Kings,Punjab Kings,field,Delhi Capitals,normal,SN Thakur,"Dr DY Patil Sports Academy, Mumbai"
1304111,2022,Mumbai,2022-05-17,65,Sunrisers Hyderabad,Mumbai Indians,Mumbai Indians,field,Sunrisers Hyderabad,normal,RA Tripathi,"Wankhede Stadium, Mumbai"
1304112,2022,Navi Mumbai,2022-05-18,66,Lucknow Super Giants,Kolkata Knight Riders,Lucknow Super Giants,bat,Lucknow Super Giants,normal,Q de Kock,"Dr DY Patil Sports Academy, Mumbai"
1304113,2022,Mumbai,2022-05-19,67,Gujarat Titans,Royal Challengers Bangalore,Gujarat Titans,bat,Royal Challengers Bangalore,normal,V Kohli,"Wankhede Stadium, Mumbai"
1304114,2022,Mumbai,2022-05-20,68,Chennai Super Kings,Rajasthan Royals,Chennai Super Kings,bat,Rajasthan Royals,normal,R Ashwin,"Brabourne Stadium, Mumbai"
1304115,2022,Mumbai,2022-05-21,69,Delhi Capitals,Mumbai Indians,Mumbai Indians,field,Mumbai Indians,normal,JJ Bumrah,"Wankhede Stadium, Mumbai"
1304116,2022,Mumbai,2022-05-22,70,Sunrisers Hyderabad,Punjab Kings,Sunrisers Hyderabad,bat,Punjab Kings,normal,Harpreet Brar,"Wankhede Stadium, Mumbai"
1312197,2022,Kolkata,2022-05-24,,Rajasthan Royals,Gujarat Titans,Gujarat Titans,field,Gujarat Titans,normal,DA Miller,"Eden Gardens, Kolkata"
1312198,2022,Kolkata,2022-05-25,,Royal Challengers Bangalore,Lucknow Super Giants,Lucknow Super Giants,field,Royal Challengers Bangalore,normal,RM Patidar,"Eden Gardens, Kolkata"
1312199,2022,Ahmedabad,2022-05-27,,Royal Challengers Bangalore,Rajasthan Royals,Rajasthan Royals,field,Rajasthan Royals,normal,JC Buttler,"Narendra Modi Stadium, Ahmedabad"
1312200,2022,Ahmedabad,2022-05-29,,Rajasthan Royals,Gujarat Titans,Rajasthan Royals,bat,Gujarat Titans,normal,HH Pandya,"Narendra Modi Stadium, Ahmedabad"
1359475,2023,Ahmedabad,2023-03-31,1,Chennai Super Kings,Gujarat Titans,Gujarat Titans,field,Gujarat Titans,normal,Rashid Khan,"Narendra Modi Stadium, Ahmedabad"
1359476,2023,Chandigarh,2023-04-01,2,Punjab Kings,Kolkata Knight Riders,Kolkata Knight Riders,field,Punjab Kings,normal,Arshdeep Singh,"Punjab Cricket Association IS Bindra Stadium, Mohali, Chandigarh"
1359477,2023,Lucknow,2023-04-01,3,Lucknow Super Giants,Delhi Capitals,Delhi Capitals,field,Lucknow Super Giants,normal,MA Wood,"Bharat Ratna Shri Atal Bihari Vajpayee Ekana Cricket Stadium, Lucknow"
1359478,2023,Hyderabad,2023-04-02,4,Rajasthan Royals,Sunrisers Hyderabad,Sunrisers Hyderabad,field,Rajasthan Royals,normal,JC Buttler,"Rajiv Gandhi International Stadium, Uppal, Hyderabad"
1359479,2023,Bengaluru,2023-04-02,5,Mumbai Indians,Royal Challengers Bangalore,Royal Challengers Bangalore,field,Royal Challengers Bangalore,normal,F du Plessis,"M Chinnaswamy Stadium, Bengaluru"
1359480,2023,Chennai,2023-04-03,6,Chennai Super Kings,Lucknow Super Giants,Lucknow Super Giants,field,Chennai Super Kings,normal,MM Ali,"MA Chidambaram Stadium, Chepauk, Chennai"
1359481,2023,Delhi,2023-04-04,7,Delhi Capitals,Gujarat Titans,Gujarat Titans,field,Gujarat Titans,normal,B Sai Sudharsan,"Arun Jaitley Stadium, Delhi"
1359482,2023,Guwahati,2023-04-05,8,Punjab Kings,Rajasthan Royals,Rajasthan Royals,field,Punjab Kings,normal,NT Ellis,"Barsapara Cricket Stadium, Guwahati"
1359483,2023,Kolkata,2023-04-06,9,Kolkata Knight Riders,Royal Challengers Bangalore,Royal Challengers Bangalore,field,Kolkata Knight Riders,normal,SN Thakur,"Eden Gardens, Kolkata"
1359484,2023,Lucknow,2023-04-07,10,Sunrisers Hyderabad,Lucknow Super Giants,Sunrisers Hyderabad,bat,Lucknow Super Giants,normal,KH Pandya,"Bharat Ratna Shri Atal Bihari Vajpayee Ekana Cricket Stadium, Lucknow"
1359485,2023,Guwahati,2023-04-08,11,Rajasthan Royals,Delhi Capitals,Delhi Capitals,field,Rajasthan Royals,normal,YBK Jaiswal,"Barsapara Cricket Stadium, Guwahati"
1359486,2023,Mumbai,2023-04-08,12,Mumbai Indians,Chennai Super Kings,Chennai Super Kings,field,Chennai Super Kings,normal,RA Jadeja,"Wankhede Stadium, Mumbai"
1359487,2023,Ahmedabad,2023-04-09,13,Gujarat Titans,Kolkata Knight Riders,Gujarat Titans,bat,Kolkata Knight Riders,normal,RK Singh,"Narendra Modi Stadium, Ahmedabad"
1359488,2023,Hyderabad,2023-04-09,14,Punjab Kings,Sunrisers Hyderabad,Sunrisers Hyderabad,field,Sunrisers Hyderabad,normal,S Dhawan,"Rajiv Gandhi International Stadium, Uppal, Hyderabad"
1359489,2023,Bengaluru,2023-04-10,15,Royal Challengers Bangalore,Lucknow Super Giants,Lucknow Super Giants,field,Lucknow Super Giants,normal,N Pooran,"M Chinnaswamy Stadium, Bengaluru"
1359490,2023,Delhi,2023-04-11,16,Delhi Capitals,Mumbai Indians,Mumbai Indians,field,Mumbai Indians,normal,RG Sharma,"Arun Jaitley Stadium, Delhi"
1359491,2023,Chennai,2023-04-12,17,Rajasthan Royals,Chennai Super Kings,Chennai Super Kings,field,Rajasthan Royals,normal,R Ashwin,"MA Chidambaram Stadium, Chepauk, Chennai"
1359492,2023,Chandigarh,2023-04-13,18,Punjab Kings,Gujarat Titans,Gujarat Titans,field,Gujarat Titans,normal,MM Sharma,"Punjab Cricket Association IS Bindra Stadium, Mohali, Chandigarh"
1359493,2023,Kolkata,2023-04-14,19,Sunrisers Hyderabad,Kolkata Knight Riders,Kolkata Knight Riders,field,Sunrisers Hyderabad,normal,HC Brook,"Eden Gardens, Kolkata"
1359494,2023,Bengaluru,2023-04-15,20,Royal Challengers Bangalore,Delhi Capitals,Delhi Capitals,field,Royal Challengers Bangalore,normal,V Kohli,"M Chinnaswamy Stadium, Bengaluru"
1359495,2023,Lucknow,2023-04-15,21,Lucknow Super Giants,Punjab Kings,Punjab Kings,field,Punjab Kings,normal,Sikandar Raza,"Bharat Ratna Shri Atal Bihari Vajpayee Ekana Cricket Stadium, Lucknow"
1359496,2023,Mumbai,2023-04-16,22,Kolkata Knight Riders,Mumbai Indians,Mumbai Indians,field,Mumbai Indians,normal,VR Iyer,"Wankhede Stadium, Mumbai"
1359497,2023,Ahmedabad,2023-04-16,23,Gujarat Titans,Rajasthan Royals,Rajasthan Royals,field,Rajasthan Royals,normal,SO Hetmyer,"Narendra Modi Stadium, Ahmedabad"
1359498,2023,Bengaluru,2023-04-17,24,Chennai Super Kings,Royal Challengers Bangalore,Royal Challengers Bangalore,field,Chennai Super Kings,normal,DP Conway,"M Chinnaswamy Stadium, Bengaluru"
1359499,2023,Hyderabad,2023-04-18,25,Mumbai Indians,Sunrisers Hyderabad,Sunrisers Hyderabad,field,Mumbai Indians,normal,C Green,"Rajiv Gandhi International Stadium, Uppal, Hyderabad"
1359500,2023,Jaipur,2023-04-19,26,Lucknow Super Giants,Rajasthan Royals,Rajasthan Royals,field,Lucknow Super Giants,normal,MP Stoinis,"Sawai Mansingh Stadium, Jaipur"
1359501,2023,Chandigarh,2023-04-20,27,Royal Challengers Bangalore,Punjab Kings,Punjab Kings,field,Royal Challengers Bangalore,normal,Mohammed Siraj,"Punjab Cricket Association IS Bindra Stadium, Mohali, Chandigarh"
1359502,2023,Delhi,2023-04-20,28,Kolkata Knight Riders,Delhi Capitals,Delhi Capitals,field,Delhi Capitals,normal,I Sharma,"Arun Jaitley Stadium, Delhi"
1359503,2023,Chennai,2023-04-21,29,Sunrisers Hyderabad,Chennai Super Kings,Chennai Super Kings,field,Chennai Super Kings,normal,RA Jadeja,"MA Chidambaram Stadium, Chepauk, Chennai"
1359504,2023,Lucknow,2023-04-22,30,Gujarat Titans,Lucknow Super Giants,Gujarat Titans,bat,Gujarat Titans,normal,MM Sharma,"Bharat Ratna Shri Atal Bihari Vajpayee Ekana Cricket Stadium, Lucknow"
1359505,2023,Mumbai,2023-04-22,31,Punjab Kings,Mumbai Indians,Mumbai Indians,field,Punjab Kings,normal,SM Curran,"Wankhede Stadium, Mumbai"
1359506,2023,Bengaluru,2023-04-23,32,Royal Challengers Bangalore,Rajasthan Royals,Rajasthan Royals,field,Royal Challengers Bangalore,normal,GJ Maxwell,"M Chinnaswamy Stadium, Bengaluru"
1359507,2023,Kolkata,2023-04-23,33,Chennai Super Kings,Kolkata Knight Riders,Kolkata Knight Riders,field,Chennai Super Kings,normal,AM Rahane,"Eden Gardens, Kolkata"
1359508,2023,Hyderabad,2023-04-24,34,Delhi Capitals,Sunrisers Hyderabad,Delhi Capitals,bat,Delhi Capitals,normal,AR Patel,"Rajiv Gandhi International Stadium, Uppal, Hyderabad"
1359509,2023,Ahmedabad,2023-04-25,35,Gujarat Titans,Mumbai Indians,Mumbai Indians,field,Gujarat Titans,normal,A Manohar,"Narendra Modi Stadium, Ahmedabad"
1359510,2023,Bengaluru,2023-04-26,36,Kolkata Knight Riders,Royal Challengers Bangalore,Royal Challengers Bangalore,field,Kolkata Knight Riders,normal,CV Varun,"M Chinnaswamy Stadium, Bengaluru"
1359511,2023,Jaipur,2023-04-27,37,Rajasthan Royals,Chennai Super Kings,Rajasthan Royals,bat,Rajasthan Royals,normal,YBK Jaiswal,"Sawai Mansingh Stadium, Jaipur"
1359512,2023,Chandigarh,2023-04-28,38,Lucknow Super Giants,Punjab Kings,Punjab Kings,field,Lucknow Super Giants,normal,MP Stoinis,"Punjab Cricket Association IS Bindra Stadium, Mohali, Chandigarh"
1359513,2023,Kolkata,2023-04-29,39,Kolkata Knight Riders,Gujarat Titans,Gujarat Titans,field,Gujarat Titans,normal,J Little,"Eden Gardens, Kolkata"
1359514,2023,Delhi,2023-04-29,40,Sunrisers Hyderabad,Delhi Capitals,Sunrisers Hyderabad,bat,Sunrisers Hyderabad,normal,MR Marsh,"Arun Jaitley Stadium, Delhi"
1359515,2023,Chennai,2023-04-30,41,Chennai Super Kings,Punjab Kings,Chennai Super Kings,bat,Punjab Kings,normal,DP Conway,"MA Chidambaram Stadium, Chepauk, Chennai"
1359516,2023,Mumbai,2023-04-30,42,Rajasthan Royals,Mumbai Indians,Rajasthan Royals,bat,Mumbai Indians,normal,YBK Jaiswal,"Wankhede Stadium, Mumbai"
1359517,2023,Lucknow,2023-05-01,43,Royal Challengers Bangalore,Lucknow Super Giants,Royal Challengers Bangalore,bat,Royal Challengers Bangalore,normal,F du Plessis,"Bharat Ratna Shri Atal Bihari Vajpayee Ekana Cricket Stadium, Lucknow"
1359518,2023,Ahmedabad,2023-05-02,44,Delhi Capitals,Gujarat Titans,Delhi Capitals,bat,Delhi Capitals,normal,Mohammed Shami,"Narendra Modi Stadium, Ahmedabad"
1359519,2023,Lucknow,2023-05-03,45,Lucknow Super Giants,Chennai Super Kings,Chennai Super Kings,field,No Result,no result,,"Bharat Ratna Shri Atal Bihari Vajpayee Ekana Cricket Stadium, Lucknow"
1359520,2023,Chandigarh,2023-05-03,46,Punjab Kings,Mumbai Indians,Mumbai Indians,field,Mumbai Indians,normal,Ishan Kishan,"Punjab Cricket Association IS Bindra Stadium, Mohali, Chandigarh"
1359521,2023,Hyderabad,2023-05-04,47,Kolkata Knight Riders,Sunrisers Hyderabad,Kolkata Knight Riders,bat,Kolkata Knight Riders,normal,CV Varun,"Rajiv Gandhi International Stadium, Uppal, Hyderabad"
1359522,2023,Jaipur,2023-05-05,48,Rajasthan Royals,Gujarat Titans,Rajasthan Royals,bat,Gujarat Titans,normal,Rashid Khan,"Sawai Mansingh Stadium, Jaipur"
1359523,2023,Chennai,2023-05-06,49,Mumbai Indians,Chennai Super Kings,Chennai Super Kings,field,Chennai Super Kings,normal,M Pathirana,"MA Chidambaram Stadium, Chepauk, Chennai"
1359524,2023,Delhi,2023-05-06,50,Royal Challengers Bangalore,Delhi Capitals,Royal Challengers Bangalore,bat,Delhi Capitals,normal,PD Salt,"Arun Jaitley Stadium, Delhi"
1359525,2023,Ahmedabad,2023-05-07,51,Gujarat Titans,Lucknow Super Giants,Lucknow Super Giants,field,Gujarat Titans,normal,Shubman Gill,"Narendra Modi Stadium, Ahmedabad"
1359526,2023,Jaipur,2023-05-07,52,Rajasthan Royals,Sunrisers Hyderabad,Rajasthan Royals,bat,Sunrisers Hyderabad,normal,GD Phillips,"Sawai Mansingh Stadium, Jaipur"
1359527,2023,Kolkata,2023-05-08,53,Punjab Kings,Kolkata Knight Riders,Punjab Kings,bat,Kolkata Knight Riders,normal,AD Russell,"Eden Gardens, Kolkata"
1359528,2023,Mumbai,2023-05-09,54,Royal Challengers Bangalore,Mumbai Indians,Mumbai Indians,field,Mumbai Indians,normal,SA Yadav,"Wankhede Stadium, Mumbai"
1359529,2023,Chennai,2023-05-10,55,Chennai Super Kings,Delhi Capitals,Chennai Super Kings,bat,Chennai Super Kings,normal,RA Jadeja,"MA Chidambaram Stadium, Chepauk, Chennai"
1359530,2023,Kolkata,2023-05-11,56,Kolkata Knight Riders,Rajasthan Royals,Rajasthan Royals,field,Rajasthan Royals,normal,YBK Jaiswal,"Eden Gardens, Kolkata"
1359531,2023,Mumbai,2023-05-12,57,Mumbai Indians,Gujarat Titans,Gujarat Titans,field,Mumbai Indians,normal,SA Yadav,"Wankhede Stadium, Mumbai"
1359532,2023,Hyderabad,2023-05-13,58,Sunrisers Hyderabad,Lucknow Super Giants,Sunrisers Hyderabad,bat,Lucknow Super Giants,normal,PN Mankad,"Rajiv Gandhi International Stadium, Uppal, Hyderabad"
1359533,2023,Delhi,2023-05-13,59,Punjab Kings,Delhi Capitals,Delhi Capitals,field,Punjab Kings,normal,P Simran Singh,"Arun Jaitley Stadium, Delhi"
1359534,2023,Jaipur,2023-05-14,60,Royal Challengers Bangalore,Rajasthan Royals,Royal Challengers Bangalore,bat,Royal Challengers Bangalore,normal,WD Parnell,"Sawai Mansingh Stadium, Jaipur"
1359535,2023,Chennai,2023-05-14,61,Chennai Super Kings,Kolkata Knight Riders,Chennai Super Kings,bat,Kolkata Knight Riders,normal,RK Singh,"MA Chidambaram Stadium, Chepauk, Chennai"
1359536,2023,Ahmedabad,2023-05-15,62,Gujarat Titans,Sunrisers Hyderabad,Sunrisers Hyderabad,field,Gujarat Titans,normal,Shubman Gill,"Narendra Modi Stadium, Ahmedabad"
1359537,2023,Lucknow,2023-05-16,63,Lucknow Super Giants,Mumbai Indians,Mumbai Indians,field,Lucknow Super Giants,normal,MP Stoinis,"Bharat Ratna Shri Atal Bihari Vajpayee Ekana Cricket Stadium, Lucknow"
1359538,2023,Dharamsala,2023-05-17,64,Delhi Capitals,Punjab Kings,Punjab Kings,field,Delhi Capitals,normal,RR Rossouw,"Himachal Pradesh Cricket Association Stadium, Dharamsala"
1359539,2023,Hyderabad,2023-05-18,65,Sunrisers Hyderabad,Royal Challengers Bangalore,Royal Challengers Bangalore,field,Royal Challengers Bangalore,normal,V Kohli,"Rajiv Gandhi International Stadium, Uppal, Hyderabad"
1359540,2023,Dharamsala,2023-05-19,66,Punjab Kings,Rajasthan Royals,Rajasthan Royals,field,Rajasthan Royals,normal,D Padikkal,"Himachal Pradesh Cricket Association Stadium, Dharamsala"
1359541,2023,Delhi,2023-05-20,67,Chennai Super Kings,Delhi Capitals,Chennai Super Kings,bat,Chennai Super Kings,normal,RD Gaikwad,"Arun Jaitley Stadium, Delhi"
1359542,2023,Kolkata,2023-05-20,68,Lucknow Super Giants,Kolkata Knight Riders,Kolkata Knight Riders,field,Lucknow Super Giants,normal,N Pooran,"Eden Gardens, Kolkata"
1359543,2023,Mumbai,2023-05-21,69,Sunrisers Hyderabad,Mumbai Indians,Mumbai Indians,field,Mumbai Indians,normal,C Green,"Wankhede Stadium, Mumbai"
1359544,2023,Bengaluru,2023-05-21,70,Royal Challengers Bangalore,Gujarat Titans,Gujarat Titans,field,Gujarat Titans,normal,Shubman Gill,"M Chinnaswamy Stadium, Bengaluru"
1370350,2023,Chennai,2023-05-23,,Chennai Super Kings,Gujarat Titans,Gujarat Titans,field,Chennai Super Kings,normal,RD Gaikwad,"MA Chidambaram Stadium, Chepauk, Chennai"
1370351,2023,Chennai,2023-05-24,,Mumbai Indians,Lucknow Super Giants,Mumbai Indians,bat,Mumbai Indians,normal,Akash Madhwal,"MA Chidambaram Stadium, Chepauk, Chennai"
1370352,2023,Ahmedabad,2023-05-26,,Gujarat Titans,Mumbai Indians,Mumbai Indians,field,Gujarat Titans,normal,Shubman Gill,"Narendra Modi Stadium, Ahmedabad"
1370353,2023,Ahmedabad,2023-05-29,,Gujarat Titans,Chennai Super Kings,Chennai Super Kings,field,Chennai Super Kings,normal,DP Conway,"Narendra Modi Stadium, Ahmedabad"
1422119,2024,Chennai,2024-03-22,1,Royal Challengers Bengaluru,Chennai Super Kings,Royal Challengers Bengaluru,bat,Chennai Super Kings,normal,Mustafizur Rahman,"MA Chidambaram Stadium, Chepauk, Chennai"
1422120,2024,Mohali,2024-03-23,2,Delhi Capitals,Punjab Kings,Punjab Kings,field,Punjab Kings,normal,SM Curran,"Maharaja Yadavindra Singh International Cricket Stadium, Mullanpur"
1422121,2024,Kolkata,2024-03-23,3,Kolkata Knight Riders,Sunrisers Hyderabad,Sunrisers Hyderabad,field,Kolkata Knight Riders,normal,AD Russell,"Eden Gardens, Kolkata"
1422122,2024,Jaipur,2024-03-24,4,Rajasthan Royals,Lucknow Super Giants,Rajasthan Royals,bat,Rajasthan Royals,normal,SV Samson,"Sawai Mansingh Stadium, Jaipur"
1422123,2024,Ahmedabad,2024-03-24,5,Gujarat Titans,Mumbai Indians,Mumbai Indians,field,Gujarat Titans,normal,B Sai Sudharsan,"Narendra Modi Stadium, Ahmedabad"
1422124,2024,Bengaluru,2024-03-25,6,Punjab Kings,Royal Challengers Bengaluru,Royal Challengers Bengaluru,field,Royal Challengers Bengaluru,normal,V Kohli,"M Chinnaswamy Stadium, Bengaluru"
1422125,2024,Chennai,2024-03-26,7,Chennai Super Kings,Gujarat Titans,Gujarat Titans,field,Chennai Super Kings,normal,S Dube,"MA Chidambaram Stadium, Chepauk, Chennai"
1422126,2024,Hyderabad,2024-03-27,8,Sunrisers Hyderabad,Mumbai Indians,Mumbai Indians,field,Sunrisers Hyderabad,normal,Abhishek Sharma,"Rajiv Gandhi International Stadium, Uppal, Hyderabad"
1422127,2024,Jaipur,2024-03-28,9,Rajasthan Royals,Delhi Capitals,Delhi Capitals,field,Rajasthan Royals,normal,R Parag,"Sawai Mansingh Stadium, Jaipur"
1422128,2024,Bengaluru,2024-03-29,10,Royal Challengers Bengaluru,Kolkata Knight Riders,Kolkata Knight Riders,field,Kolkata Knight Riders,normal,SP Narine,"M Chinnaswamy Stadium, Bengaluru"
1422129,2024,Lucknow,2024-03-30,11,Lucknow Super Giants,Punjab Kings,Lucknow Super Giants,bat,Lucknow Super Giants,normal,MP Yadav,"Bharat Ratna Shri Atal Bihari Vajpayee Ekana Cricket Stadium, Lucknow"
1422130,2024,Ahmedabad,2024-03-31,12,Sunrisers Hyderabad,Gujarat Titans,Sunrisers Hyderabad,bat,Gujarat Titans,normal,MM Sharma,"Narendra Modi Stadium, Ahmedabad"
1422131,2024,Visakhapatnam,2024-03-31,13,Delhi Capitals,Chennai Super Kings,Delhi Capitals,bat,Delhi Capitals,normal,KK Ahmed,"Dr. Y.S. Rajasekhara Reddy ACA-VDCA Cricket Stadium, Visakhapatnam"
1422132,2024,Mumbai,2024-04-01,14,Mumbai Indians,Rajasthan Royals,Rajasthan Royals,field,Rajasthan Royals,normal,TA Boult,"Wankhede Stadium, Mumbai"
1422133,2024,Bengaluru,2024-04-02,15,Lucknow Super Giants,Royal Challengers Bengaluru,Royal Challengers Bengaluru,field,Lucknow Super Giants,normal,MP Yadav,"M Chinnaswamy Stadium, Bengaluru"
1422134,2024,Visakhapatnam,2024-04-03,16,Kolkata Knight Riders,Delhi Capitals,Kolkata Knight Riders,bat,Kolkata Knight Riders,normal,SP Narine,"Dr. Y.S. Rajasekhara Reddy ACA-VDCA Cricket Stadium, Visakhapatnam"
1422135,2024,Ahmedabad,2024-04-04,17,Gujarat Titans,Punjab Kings,Punjab Kings,field,Punjab Kings,normal,Shashank Singh,"Narendra Modi Stadium, Ahmedabad"
1422136,2024,Hyderabad,2024-04-05,18,Chennai Super Kings,Sunrisers Hyderabad,Sunrisers Hyderabad,field,Sunrisers Hyderabad,normal,Abhishek Sharma,"Rajiv Gandhi International Stadium, Uppal, Hyderabad"
1422137,2024,Jaipur,2024-04-06,19,Royal Challengers Bengaluru,Rajasthan Royals,Rajasthan Royals,field,Rajasthan Royals,normal,JC Buttler,"Sawai Mansingh Stadium, Jaipur"
1422138,2024,Mumbai,2024-04-07,20,Mumbai Indians,Delhi Capitals,Delhi Capitals,field,Mumbai Indians,normal,R Shepherd,"Wankhede Stadium, Mumbai"
1422139,2024,Lucknow,2024-04-07,21,Lucknow Super Giants,Gujarat Titans,Lucknow Super Giants,bat,Lucknow Super Giants,normal,Yash Thakur,"Bharat Ratna Shri Atal Bihari Vajpayee Ekana Cricket Stadium, Lucknow"
1426260,2024,Chennai,2024-04-08,22,Kolkata Knight Riders,Chennai Super Kings,Chennai Super Kings,field,Chennai Super Kings,normal,RA Jadeja,"MA Chidambaram Stadium, Chepauk, Chennai"
1426261,2024,Mohali,2024-04-09,23,Sunrisers Hyderabad,Punjab Kings,Punjab Kings,field,Sunrisers Hyderabad,normal,Nithish Kumar Reddy,"Maharaja Yadavindra Singh International Cricket Stadium, Mullanpur"
1426262,2024,Jaipur,2024-04-10,24,Rajasthan Royals,Gujarat Titans,Gujarat Titans,field,Gujarat Titans,normal,Rashid Khan,"Sawai Mansingh Stadium, Jaipur"
1426263,2024,Mumbai,2024-04-11,25,Royal Challengers Bengaluru,Mumbai Indians,Mumbai Indians,field,Mumbai Indians,normal,JJ Bumrah,"Wankhede Stadium, Mumbai"
1426264,2024,Lucknow,2024-04-12,26,Lucknow Super Giants,Delhi Capitals,Lucknow Super Giants,bat,Delhi Capitals,normal,Kuldeep Yadav,"Bharat Ratna Shri Atal Bihari Vajpayee Ekana Cricket Stadium, Lucknow"
1426265,2024,Mohali,2024-04-13,27,Punjab Kings,Rajasthan Royals,Rajasthan Royals,field,Rajasthan Royals,normal,SO Hetmyer,"Maharaja Yadavindra Singh International Cricket Stadium, Mullanpur"
1426266,2024,Kolkata,2024-04-14,28,Lucknow Super Giants,Kolkata Knight Riders,Kolkata Knight Riders,field,Kolkata Knight Riders,normal,PD Salt,"Eden Gardens, Kolkata"
1426267,2024,Mumbai,2024-04-14,29,Chennai Super Kings,Mumbai Indians,Mumbai Indians,field,Chennai Super Kings,normal,M Pathirana,"Wankhede Stadium, Mumbai"
1426268,2024,Bengaluru,2024-04-15,30,Sunrisers Hyderabad,Royal Challengers Bengaluru,Royal Challengers Bengaluru,field,Sunrisers Hyderabad,normal,TM Head,"M Chinnaswamy Stadium, Bengaluru"
1426269,2024,Kolkata,2024-04-16,31,Kolkata Knight Riders,Rajasthan Royals,Rajasthan Royals,field,Rajasthan Royals,normal,JC Buttler,"Eden Gardens, Kolkata"
1426270,2024,Ahmedabad,2024-04-17,32,Gujarat Titans,Delhi Capitals,Delhi Capitals,field,Delhi Capitals,normal,RR Pant,"Narendra Modi Stadium, Ahmedabad"
1426271,2024,Mohali,2024-04-18,33,Mumbai Indians,Punjab Kings,Punjab Kings,field,Mumbai Indians,normal,JJ Bumrah,"Maharaja Yadavindra Singh International Cricket Stadium, Mullanpur"
1426272,2024,Lucknow,2024-04-19,34,Chennai Super Kings,Lucknow Super Giants,Lucknow Super Giants,field,Lucknow Super Giants,normal,KL Rahul,"Bharat Ratna Shri Atal Bihari Vajpayee Ekana Cricket Stadium, Lucknow"
1426273,2024,Delhi,2024-04-20,35,Sunrisers Hyderabad,Delhi Capitals,Delhi Capitals,field,Sunrisers Hyderabad,normal,TM Head,"Arun Jaitley Stadium, Delhi"
1426274,2024,Kolkata,2024-04-21,36,Kolkata Knight Riders,Royal Challengers Bengaluru,Royal Challengers Bengaluru,field,Kolkata Knight Riders,normal,AD Russell,"Eden Gardens, Kolkata"
1426275,2024,Mohali,2024-04-21,37,Punjab Kings,Gujarat Titans,Punjab Kings,bat,Gujarat Titans,normal,R Sai Kishore,"Maharaja Yadavindra Singh International Cricket Stadium, Mullanpur"
1426276,2024,Jaipur,2024-04-22,38,Mumbai Indians,Rajasthan Royals,Mumbai Indians,bat,Rajasthan Royals,normal,Sandeep Sharma,"Sawai Mansingh Stadium, Jaipur"
1426277,2024,Chennai,2024-04-23,39,Chennai Super Kings,Lucknow Super Giants,Lucknow Super Giants,field,Lucknow Super Giants,normal,MP Stoinis,"MA Chidambaram Stadium, Chepauk, Chennai"
1426278,2024,Delhi,2024-04-24,40,Delhi Capitals,Gujarat Titans,Gujarat Titans,field,Delhi Capitals,normal,RR Pant,"Arun Jaitley Stadium, Delhi"
1426279,2024,Hyderabad,2024-04-25,41,Royal Challengers Bengaluru,Sunrisers Hyderabad,Royal Challengers Bengaluru,bat,Royal Challengers Bengaluru,normal,RM Patidar,"Rajiv Gandhi International Stadium, Uppal, Hyderabad"
1426280,2024,Kolkata,2024-04-26,42,Kolkata Knight Riders,Punjab Kings,Punjab Kings,field,Punjab Kings,normal,JM Bairstow,"Eden Gardens, Kolkata"
1426281,2024,Delhi,2024-04-27,43,Delhi Capitals,Mumbai Indians,Mumbai Indians,field,Delhi Capitals,normal,J Fraser-McGurk,"Arun Jaitley Stadium, Delhi"
1426282,2024,Lucknow,2024-04-27,44,Lucknow Super Giants,Rajasthan Royals,Rajasthan Royals,field,Rajasthan Royals,normal,SV Samson,"Bharat Ratna Shri Atal Bihari Vajpayee Ekana Cricket Stadium, Lucknow"
1426283,2024,Ahmedabad,2024-04-28,45,Gujarat Titans,Royal Challengers Bengaluru,Royal Challengers Bengaluru,field,Royal Challengers Bengaluru,normal,WG Jacks,"Narendra Modi Stadium, Ahmedabad"
1426284,2024,Chennai,2024-04-28,46,Chennai Super Kings,Sunrisers Hyderabad,Sunrisers Hyderabad,field,Chennai Super Kings,normal,RD Gaikwad,"MA Chidambaram Stadium, Chepauk, Chennai"
1426285,2024,Kolkata,2024-04-29,47,Delhi Capitals,Kolkata Knight Riders,Delhi Capitals,bat,Kolkata Knight Riders,normal,CV Varun,"Eden Gardens, Kolkata"
1426286,2024,Lucknow,2024-04-30,48,Mumbai Indians,Lucknow Super Giants,Lucknow Super Giants,field,Lucknow Super Giants,normal,MP Stoinis,"Bharat Ratna Shri Atal Bihari Vajpayee Ekana Cricket Stadium, Lucknow"
1426287,2024,Chennai,2024-05-01,49,Chennai Super Kings,Punjab Kings,Punjab Kings,field,Punjab Kings,normal,Harpreet Brar,"MA Chidambaram Stadium, Chepauk, Chennai"
1426288,2024,Hyderabad,2024-05-02,50,Sunrisers Hyderabad,Rajasthan Royals,Sunrisers Hyderabad,bat,Sunrisers Hyderabad,normal,B Kumar,"Rajiv Gandhi International Stadium, Uppal, Hyderabad"
1426289,2024,Mumbai,2024-05-03,51,Kolkata Knight Riders,Mumbai Indians,Mumbai Indians,field,Kolkata Knight Riders,normal,VR Iyer,"Wankhede Stadium, Mumbai"
1426290,2024,Bengaluru,2024-05-04,52,Gujarat Titans,Royal Challengers Bengaluru,Royal Challengers Bengaluru,field,Royal Challengers Bengaluru,normal,Mohammed Siraj,"M Chinnaswamy Stadium, Bengaluru"
1426291,2024,Dharamsala,2024-05-05,53,Chennai Super Kings,Punjab Kings,Punjab Kings,field,Chennai Super Kings,normal,RA Jadeja,"Himachal Pradesh Cricket Association Stadium, Dharamsala"
1426292,2024,Lucknow,2024-05-05,54,Kolkata Knight Riders,Lucknow Super Giants,Lucknow Super Giants,field,Kolkata Knight Riders,normal,SP Narine,"Bharat Ratna Shri Atal Bihari Vajpayee Ekana Cricket Stadium, Lucknow"
1426293,2024,Mumbai,2024-05-06,55,Sunrisers Hyderabad,Mumbai Indians,Mumbai Indians,field,Mumbai Indians,normal,SA Yadav,"Wankhede Stadium, Mumbai"
1426294,2024,Delhi,2024-05-07,56,Delhi Capitals,Rajasthan Royals,Rajasthan Royals,field,Delhi Capitals,normal,Kuldeep Yadav,"Arun Jaitley Stadium, Delhi"
1426295,2024,Hyderabad,2024-05-08,57,Lucknow Super Giants,Sunrisers Hyderabad,Lucknow Super Giants,bat,Sunrisers Hyderabad,normal,TM Head,"Rajiv Gandhi International Stadium, Uppal, Hyderabad"
1426296,2024,Dharamsala,2024-05-09,58,Royal Challengers Bengaluru,Punjab Kings,Punjab Kings,field,Royal Challengers Bengaluru,normal,V Kohli,"Himachal Pradesh Cricket Association Stadium, Dharamsala"
1426297,2024,Ahmedabad,2024-05-10,59,Gujarat Titans,Chennai Super Kings,Chennai Super Kings,field,Gujarat Titans,normal,Shubman Gill,"Narendra Modi Stadium, Ahmedabad"
1426298,2024,Kolkata,2024-05-11,60,Kolkata Knight Riders,Mumbai Indians,Mumbai Indians,field,Kolkata Knight Riders,normal,CV Varun,"Eden Gardens, Kolkata"
1426299,2024,Chennai,2024-05-12,61,Rajasthan Royals,Chennai Super Kings,Rajasthan Royals,bat,Chennai Super Kings,normal,Simarjeet Singh,"MA Chidambaram Stadium, Chepauk, Chennai"
1426300,2024,Bengaluru,2024-05-12,62,Royal Challengers Bengaluru,Delhi Capitals,Delhi Capitals,field,Royal Challengers Bengaluru,normal,C Green,"M Chinnaswamy Stadium, Bengaluru"
1426302,2024,Delhi,2024-05-14,64,Delhi Capitals,Lucknow Super Giants,Lucknow Super Giants,field,Delhi Capitals,normal,I Sharma,"Arun Jaitley Stadium, Delhi"
1426303,2024,Guwahati,2024-05-15,65,Rajasthan Royals,Punjab Kings,Rajasthan Royals,bat,Punjab Kings,normal,SM Curran,"Barsapara Cricket Stadium, Guwahati"
1426305,2024,Mumbai,2024-05-17,67,Lucknow Super Giants,Mumbai Indians,Mumbai Indians,field,Lucknow Super Giants,normal,N Pooran,"Wankhede Stadium, Mumbai"
1426306,2024,Bengaluru,2024-05-18,68,Royal Challengers Bengaluru,Chennai Super Kings,Chennai Super Kings,field,Royal Challengers Bengaluru,normal,F du Plessis,"M Chinnaswamy Stadium, Bengaluru"
1426307,2024,Hyderabad,2024-05-19,69,Punjab Kings,Sunrisers Hyderabad,Punjab Kings,bat,Sunrisers Hyderabad,normal,Abhishek Sharma,"Rajiv Gandhi International Stadium, Uppal, Hyderabad"
1426309,2024,Ahmedabad,2024-05-21,,Sunrisers Hyderabad,Kolkata Knight Riders,Sunrisers Hyderabad,bat,Kolkata Knight Riders,normal,MA Starc,"Narendra Modi Stadium, Ahmedabad"
1426310,2024,Ahmedabad,2024-05-22,,Royal Challengers Bengaluru,Rajasthan Royals,Rajasthan Royals,field,Rajasthan Royals,normal,R Ashwin,"Narendra Modi Stadium, Ahmedabad"
1426311,2024,Chennai,2024-05-24,,Sunrisers Hyderabad,Rajasthan Royals,Rajasthan Royals,field,Sunrisers Hyderabad,normal,Shahbaz Ahmed,"MA Chidambaram Stadium, Chepauk, Chennai"
1426312,2024,Chennai,2024-05-26,,Sunrisers Hyderabad,Kolkata Knight Riders,Sunrisers Hyderabad,bat,Kolkata Knight Riders,normal,MA Starc,"MA Chidambaram Stadium, Chepauk, Chennai"
1473438,2025,Kolkata,2025-03-22,1,Kolkata Knight Riders,Royal Challengers Bengaluru,Royal Challengers Bengaluru,field,Royal Challengers Bengaluru,normal,KH Pandya,"Eden Gardens, Kolkata"
1473439,2025,Hyderabad,2025-03-23,2,Sunrisers Hyderabad,Rajasthan Royals,Rajasthan Royals,field,Sunrisers Hyderabad,normal,Ishan Kishan,"Rajiv Gandhi International Stadium, Uppal, Hyderabad"
1473440,2025,Chennai,2025-03-23,3,Mumbai Indians,Chennai Super Kings,Chennai Super Kings,field,Chennai Super Kings,normal,Noor Ahmad,"MA Chidambaram Stadium, Chepauk, Chennai"
1473441,2025,Visakhapatnam,2025-03-24,4,Lucknow Super Giants,Delhi Capitals,Delhi Capitals,field,Delhi Capitals,normal,Ashutosh Sharma,"Dr. Y.S. Rajasekhara Reddy ACA-VDCA Cricket Stadium, Visakhapatnam"
1473442,2025,Ahmedabad,2025-03-25,5,Punjab Kings,Gujarat Titans,Gujarat Titans,field,Punjab Kings,normal,SS Iyer,"Narendra Modi Stadium, Ahmedabad"
1473443,2025,Guwahati,2025-03-26,6,Rajasthan Royals,Kolkata Knight Riders,Kolkata Knight Riders,field,Kolkata Knight Riders,normal,Q de Kock,"Barsapara Cricket Stadium, Guwahati"
1473444,2025,Hyderabad,2025-03-27,7,Sunrisers Hyderabad,Lucknow Super Giants,Lucknow Super Giants,field,Lucknow Super Giants,normal,SN Thakur,"Rajiv Gandhi International Stadium, Uppal, Hyderabad"
1473445,2025,Chennai,2025-03-28,8,Royal Challengers Bengaluru,Chennai Super Kings,Chennai Super Kings,field,Royal Challengers Bengaluru,normal,RM Patidar,"MA Chidambaram Stadium, Chepauk, Chennai"
1473446,2025,Ahmedabad,2025-03-29,9,Gujarat Titans,Mumbai Indians,Mumbai Indians,field,Gujarat Titans,normal,M Prasidh Krishna,"Narendra Modi Stadium, Ahmedabad"
1473447,2025,Visakhapatnam,2025-03-30,10,Sunrisers Hyderabad,Delhi Capitals,Sunrisers Hyderabad,bat,Delhi Capitals,normal,MA Starc,"Dr. Y.S. Rajasekhara Reddy ACA-VDCA Cricket Stadium, Visakhapatnam"
1473448,2025,Guwahati,2025-03-30,11,Rajasthan Royals,Chennai Super Kings,Chennai Super Kings,field,Rajasthan Royals,normal,N Rana,"Barsapara Cricket Stadium, Guwahati"
1473449,2025,Mumbai,2025-03-31,12,Kolkata Knight Riders,Mumbai Indians,Mumbai Indians,field,Mumbai Indians,normal,Ashwani Kumar,"Wankhede Stadium, Mumbai"
1473450,2025,Lucknow,2025-04-01,13,Lucknow Super Giants,Punjab Kings,Punjab Kings,field,Punjab Kings,normal,P Simran Singh,"Bharat Ratna Shri Atal Bihari Vajpayee Ekana Cricket Stadium, Lucknow"
1473451,2025,Bengaluru,2025-04-02,14,Royal Challengers Bengaluru,Gujarat Titans,Gujarat Titans,field,Gujarat Titans,normal,Mohammed Siraj,"M Chinnaswamy Stadium, Bengaluru"
1473452,2025,Kolkata,2025-04-03,15,Kolkata Knight Riders,Sunrisers Hyderabad,Sunrisers Hyderabad,field,Kolkata Knight Riders,normal,VG Arora,"Eden Gardens, Kolkata"
1473453,2025,Lucknow,2025-04-04,16,Lucknow Super Giants,Mumbai Indians,Mumbai Indians,field,Lucknow Super Giants,normal,DS Rathi,"Bharat Ratna Shri Atal Bihari Vajpayee Ekana Cricket Stadium, Lucknow"
1473454,2025,Chennai,2025-04-05,17,Delhi Capitals,Chennai Super Kings,Delhi Capitals,bat,Delhi Capitals,normal,KL Rahul,"MA Chidambaram Stadium, Chepauk, Chennai"
1473455,2025,Mohali,2025-04-05,18,Rajasthan Royals,Punjab Kings,Punjab Kings,field,Rajasthan Royals,normal,JC Archer,"Maharaja Yadavindra Singh International Cricket Stadium, Mullanpur"
1473457,2025,Hyderabad,2025-04-06,19,Sunrisers Hyderabad,Gujarat Titans,Gujarat Titans,field,Gujarat Titans,normal,Mohammed Siraj,"Rajiv Gandhi International Stadium, Uppal, Hyderabad"
1473458,2025,Mumbai,2025-04-07,20,Royal Challengers Bengaluru,Mumbai Indians,Mumbai Indians,field,Royal Challengers Bengaluru,normal,RM Patidar,"Wankhede Stadium, Mumbai"
1473456,2025,Kolkata,2025-04-08,21,Lucknow Super Giants,Kolkata Knight Riders,Kolkata Knight Riders,field,Lucknow Super Giants,normal,N Pooran,"Eden Gardens, Kolkata"
1473459,2025,Mohali,2025-04-08,22,Punjab Kings,Chennai Super Kings,Punjab Kings,bat,Punjab Kings,normal,Priyansh Arya,"Maharaja Yadavindra Singh International Cricket Stadium, Mullanpur"
1473460,2025,Ahmedabad,2025-04-09,23,Gujarat Titans,Rajasthan Royals,Rajasthan Royals,field,Gujarat Titans,normal,B Sai Sudharsan,"Narendra Modi Stadium, Ahmedabad"
1473461,2025,Bengaluru,2025-04-10,24,Royal Challengers Bengaluru,Delhi Capitals,Delhi Capitals,field,Delhi Capitals,normal,KL Rahul,"M Chinnaswamy Stadium, Bengaluru"
1473462,2025,Chennai,2025-04-11,25,Chennai Super Kings,Kolkata Knight Riders,Kolkata Knight Riders,field,Kolkata Knight Riders,normal,SP Narine,"MA Chidambaram Stadium, Chepauk, Chennai"
1473463,2025,Lucknow,2025-04-12,26,Gujarat Titans,Lucknow Super Giants,Lucknow Super Giants,field,Lucknow Super Giants,normal,AK Markram,"Bharat Ratna Shri Atal Bihari Vajpayee Ekana Cricket Stadium, Lucknow"
1473464,2025,Hyderabad,2025-04-12,27,Punjab Kings,Sunrisers Hyderabad,Punjab Kings,bat,Sunrisers Hyderabad,normal,Abhishek Sharma,"Rajiv Gandhi International Stadium, Uppal, Hyderabad"
1473465,2025,Jaipur,2025-04-13,28,Rajasthan Royals,Royal Challengers Bengaluru,Royal Challengers Bengaluru,field,Royal Challengers Bengaluru,normal,PD Salt,"Sawai Mansingh Stadium, Jaipur"
1473466,2025,Delhi,2025-04-13,29,Mumbai Indians,Delhi Capitals,Delhi Capitals,field,Mumbai Indians,normal,KV Sharma,"Arun Jaitley Stadium, Delhi"
1473467,2025,Lucknow,2025-04-14,30,Lucknow Super Giants,Chennai Super Kings,Chennai Super Kings,field,Chennai Super Kings,normal,MS Dhoni,"Bharat Ratna Shri Atal Bihari Vajpayee Ekana Cricket Stadium, Lucknow"
1473468,2025,Mohali,2025-04-15,31,Punjab Kings,Kolkata Knight Riders,Punjab Kings,bat,Punjab Kings,normal,YS Chahal,"Maharaja Yadavindra Singh International Cricket Stadium, Mullanpur"
1473469,2025,Delhi,2025-04-16,32,Delhi Capitals,Rajasthan Royals,Rajasthan Royals,field,No Result,tie,MA Starc,"Arun Jaitley Stadium, Delhi"
1473470,2025,Mumbai,2025-04-17,33,Sunrisers Hyderabad,Mumbai Indians,Mumbai Indians,field,Mumbai Indians,normal,WG Jacks,"Wankhede Stadium, Mumbai"
1473471,2025,Bengaluru,2025-04-18,34,Royal Challengers Bengaluru,Punjab Kings,Punjab Kings,field,Punjab Kings,normal,TH David,"M Chinnaswamy Stadium, Bengaluru"
1473472,2025,Ahmedabad,2025-04-19,35,Delhi Capitals,Gujarat Titans,Gujarat Titans,field,Gujarat Titans,normal,JC Buttler,"Narendra Modi Stadium, Ahmedabad"
1473473,2025,Jaipur,2025-04-19,36,Lucknow Super Giants,Rajasthan Royals,Lucknow Super Giants,bat,Lucknow Super Giants,normal,Avesh Khan,"Sawai Mansingh Stadium, Jaipur"
1473474,2025,Mohali,2025-04-20,37,Punjab Kings,Royal Challengers Bengaluru,Royal Challengers Bengaluru,field,Royal Challengers Bengaluru,normal,V Kohli,"Maharaja Yadavindra Singh International Cricket Stadium, Mullanpur"
1473475,2025,Mumbai,2025-04-20,38,Chennai Super Kings,Mumbai Indians,Mumbai Indians,field,Mumbai Indians,normal,RG Sharma,"Wankhede Stadium, Mumbai"
1473476,2025,Kolkata,2025-04-21,39,Gujarat Titans,Kolkata Knight Riders,Kolkata Knight Riders,field,Gujarat Titans,normal,Shubman Gill,"Eden Gardens, Kolkata"
1473477,2025,Lucknow,2025-04-22,40,Lucknow Super Giants,Delhi Capitals,Delhi Capitals,field,Delhi Capitals,normal,Mukesh Kumar,"Bharat Ratna Shri Atal Bihari Vajpayee Ekana Cricket Stadium, Lucknow"
1473478,2025,Hyderabad,2025-04-23,41,Sunrisers Hyderabad,Mumbai Indians,Mumbai Indians,field,Mumbai Indians,normal,TA Boult,"Rajiv Gandhi International Stadium, Uppal, Hyderabad"
1473479,2025,Bengaluru,2025-04-24,42,Royal Challengers Bengaluru,Rajasthan Royals,Rajasthan Royals,field,Royal Challengers Bengaluru,normal,JR Hazlewood,"M Chinnaswamy Stadium, Bengaluru"
1473480,2025,Chennai,2025-04-25,43,Chennai Super Kings,Sunrisers Hyderabad,Sunrisers Hyderabad,field,Sunrisers Hyderabad,normal,HV Patel,"MA Chidambaram Stadium, Chepauk, Chennai"
1473481,2025,Kolkata,2025-04-26,44,Punjab Kings,Kolkata Knight Riders,Punjab Kings,bat,No Result,no result,,"Eden Gardens, Kolkata"
1473482,2025,Mumbai,2025-04-27,45,Mumbai Indians,Lucknow Super Giants,Lucknow Super Giants,field,Mumbai Indians,normal,WG Jacks,"Wankhede Stadium, Mumbai"
1473483,2025,Delhi,2025-04-27,46,Delhi Capitals,Royal Challengers Bengaluru,Royal Challengers Bengaluru,field,Royal Challengers Bengaluru,normal,KH Pandya,"Arun Jaitley Stadium, Delhi"
1473484,2025,Jaipur,2025-04-28,47,Gujarat Titans,Rajasthan Royals,Rajasthan Royals,field,Rajasthan Royals,normal,V Suryavanshi,"Sawai Mansingh Stadium, Jaipur"
1473485,2025,Delhi,2025-04-29,48,Kolkata Knight Riders,Delhi Capitals,Delhi Capitals,field,Kolkata Knight Riders,normal,SP Narine,"Arun Jaitley Stadium, Delhi"
1473486,2025,Chennai,2025-04-30,49,Chennai Super Kings,Punjab Kings,Punjab Kings,field,Punjab Kings,normal,SS Iyer,"MA Chidambaram Stadium, Chepauk, Chennai"
1473487,2025,Jaipur,2025-05-01,50,Mumbai Indians,Rajasthan Royals,Rajasthan Royals,field,Mumbai Indians,normal,RD Rickelton,"Sawai Mansingh Stadium, Jaipur"
1473488,2025,Ahmedabad,2025-05-02,51,Gujarat Titans,Sunrisers Hyderabad,Sunrisers Hyderabad,field,Gujarat Titans,normal,M Prasidh Krishna,"Narendra Modi Stadium, Ahmedabad"
1473489,2025,Bengaluru,2025-05-03,52,Royal Challengers Bengaluru,Chennai Super Kings,Chennai Super Kings,field,Royal Challengers Bengaluru,normal,R Shepherd,"M Chinnaswamy Stadium, Bengaluru"
1473490,2025,Kolkata,2025-05-04,53,Kolkata Knight Riders,Rajasthan Royals,Kolkata Knight Riders,bat,Kolkata Knight Riders,normal,AD Russell,"Eden Gardens, Kolkata"
1473491,2025,Dharamsala,2025-05-04,54,Punjab Kings,Lucknow Super Giants,Lucknow Super Giants,field,Punjab Kings,normal,P Simran Singh,"Himachal Pradesh Cricket Association Stadium, Dharamsala"
1473492,2025,Hyderabad,2025-05-05,55,Delhi Capitals,Sunrisers Hyderabad,Sunrisers Hyderabad,field,No Result,no result,,"Rajiv Gandhi International Stadium, Uppal, Hyderabad"
1473493,2025,Mumbai,2025-05-06,56,Mumbai Indians,Gujarat Titans,Gujarat Titans,field,Gujarat Titans,normal,Shubman Gill,"Wankhede Stadium, Mumbai"
1473494,2025,Kolkata,2025-05-07,57,Kolkata Knight Riders,Chennai Super Kings,Kolkata Knight Riders,bat,Chennai Super Kings,normal,Noor Ahmad,"Eden Gardens, Kolkata"
1473495,2025,Dharamsala,2025-05-08,58,Punjab Kings,Delhi Capitals,Punjab Kings,bat,No Result,no result,,"Himachal Pradesh Cricket Association Stadium, Dharamsala"
1473497,2025,Jaipur,2025-05-18,59,Punjab Kings,Rajasthan Royals,Punjab Kings,bat,Punjab Kings,normal,Harpreet Brar,"Sawai Mansingh Stadium, Jaipur"
1473498,2025,Delhi,2025-05-18,60,Delhi Capitals,Gujarat Titans,Gujarat Titans,field,Gujarat Titans,normal,B Sai Sudharsan,"Arun Jaitley Stadium, Delhi"
1473499,2025,Lucknow,2025-05-19,61,Lucknow Super Giants,Sunrisers Hyderabad,Sunrisers Hyderabad,field,Sunrisers Hyderabad,normal,Abhishek Sharma,"Bharat Ratna Shri Atal Bihari Vajpayee Ekana Cricket Stadium, Lucknow"
1473500,2025,Delhi,2025-05-20,62,Chennai Super Kings,Rajasthan Royals,Rajasthan Royals,field,Rajasthan Royals,normal,Akash Madhwal,"Arun Jaitley Stadium, Delhi"
1473501,2025,Mumbai,2025-05-21,63,Mumbai Indians,Delhi Capitals,Delhi Capitals,field,Mumbai Indians,normal,SA Yadav,"Wankhede Stadium, Mumbai"
1473502,2025,Ahmedabad,2025-05-22,64,Lucknow Super Giants,Gujarat Titans,Gujarat Titans,field,Lucknow Super Giants,normal,MR Marsh,"Narendra Modi Stadium, Ahmedabad"
1473503,2025,Lucknow,2025-05-23,65,Sunrisers Hyderabad,Royal Challengers Bengaluru,Royal Challengers Bengaluru,field,Sunrisers Hyderabad,normal,Ishan Kishan,"Bharat Ratna Shri Atal Bihari Vajpayee Ekana Cricket Stadium, Lucknow"
1485779,2025,Jaipur,2025-05-24,66,Punjab Kings,Delhi Capitals,Delhi Capitals,field,Delhi Capitals,normal,Sameer Rizvi,"Sawai Mansingh Stadium, Jaipur"
1473504,2025,Ahmedabad,2025-05-25,67,Chennai Super Kings,Gujarat Titans,Chennai Super Kings,bat,Chennai Super Kings,normal,D Brevis,"Narendra Modi Stadium, Ahmedabad"
1473505,2025,Delhi,2025-05-25,68,Sunrisers Hyderabad,Kolkata Knight Riders,Sunrisers Hyderabad,bat,Sunrisers Hyderabad,normal,H Klaasen,"Arun Jaitley Stadium, Delhi"
1473506,2025,Jaipur,2025-05-26,69,Mumbai Indians,Punjab Kings,Punjab Kings,field,Punjab Kings,normal,JP Inglis,"Sawai Mansingh Stadium, Jaipur"
1473507,2025,Lucknow,2025-05-27,70,Lucknow Super Giants,Royal Challengers Bengaluru,Royal Challengers Bengaluru,field,Royal Challengers Bengaluru,normal,JM Sharma,"Bharat Ratna Shri Atal Bihari Vajpayee Ekana Cricket Stadium, Lucknow"
1473508,2025,New Chandigarh,2025-05-29,,Punjab Kings,Royal Challengers Bengaluru,Royal Challengers Bengaluru,field,Royal Challengers Bengaluru,normal,Suyash Sharma,"Maharaja Yadavindra Singh International Cricket Stadium, Mullanpur"
1473509,2025,New Chandigarh,2025-05-30,,Mumbai Indians,Gujarat Titans,Mumbai Indians,bat,Mumbai Indians,normal,RG Sharma,"Maharaja Yadavindra Singh International Cricket Stadium, New Chandigarh"
1473510,2025,Ahmedabad,2025-06-01,,Mumbai Indians,Punjab Kings,Punjab Kings,field,Punjab Kings,normal,SS Iyer,"Narendra Modi Stadium, Ahmedabad"
1473511,2025,Ahmedabad,2025-06-03,,Royal Challengers Bengaluru,Punjab Kings,Punjab Kings,field,Royal Challengers Bengaluru,normal,KH Pandya,"Narendra Modi Stadium, Ahmedabad"
1527674,2026,Bengaluru,2026-03-28,1,Sunrisers Hyderabad,Royal Challengers Bengaluru,Royal Challengers Bengaluru,field,Royal Challengers Bengaluru,normal,JA Duffy,"M Chinnaswamy Stadium, Bengaluru"
1527675,2026,Mumbai,2026-03-29,2,Kolkata Knight Riders,Mumbai Indians,Mumbai Indians,field,Mumbai Indians,normal,SN Thakur,"Wankhede Stadium, Mumbai"
1527676,2026,Guwahati,2026-03-30,3,Chennai Super Kings,Rajasthan Royals,Rajasthan Royals,field,Rajasthan Royals,normal,N Burger,"Barsapara Cricket Stadium, Guwahati"
1527677,2026,New Chandigarh,2026-03-31,4,Gujarat Titans,Punjab Kings,Punjab Kings,field,Punjab Kings,normal,C Connolly,"Maharaja Yadavindra Singh International Cricket Stadium, New Chandigarh"
1527678,2026,Lucknow,2026-04-01,5,Lucknow Super Giants,Delhi Capitals,Delhi Capitals,field,Delhi Capitals,normal,Sameer Rizvi,"Bharat Ratna Shri Atal Bihari Vajpayee Ekana Cricket Stadium, Lucknow"
1527679,2026,Kolkata,2026-04-02,6,Sunrisers Hyderabad,Kolkata Knight Riders,Kolkata Knight Riders,field,Sunrisers Hyderabad,normal,Nithish Kumar Reddy,"Eden Gardens, Kolkata"
1527680,2026,Chennai,2026-04-03,7,Chennai Super Kings,Punjab Kings,Punjab Kings,field,Punjab Kings,normal,Priyansh Arya,"MA Chidambaram Stadium, Chepauk, Chennai"
1527681,2026,Delhi,2026-04-04,8,Mumbai Indians,Delhi Capitals,Delhi Capitals,field,Delhi Capitals,normal,Sameer Rizvi,"Arun Jaitley Stadium, Delhi"
1527682,2026,Ahmedabad,2026-04-04,9,Rajasthan Royals,Gujarat Titans,Rajasthan Royals,bat,Rajasthan Royals,normal,Ravi Bishnoi,"Narendra Modi Stadium, Ahmedabad"
1527683,2026,Hyderabad,2026-04-05,10,Sunrisers Hyderabad,Lucknow Super Giants,Lucknow Super Giants,field,Lucknow Super Giants,normal,Mohammed Shami,"Rajiv Gandhi International Stadium, Uppal, Hyderabad"
1527684,2026,Bengaluru,2026-04-05,11,Royal Challengers Bengaluru,Chennai Super Kings,Chennai Super Kings,field,Royal Challengers Bengaluru,normal,TH David,"M Chinnaswamy Stadium, Bengaluru"
1527685,2026,Kolkata,2026-04-06,12,Kolkata Knight Riders,Punjab Kings,Kolkata Knight Riders,bat,No Result,no result,,"Eden Gardens, Kolkata"
1527686,2026,Guwahati,2026-04-07,13,Rajasthan Royals,Mumbai Indians,Mumbai Indians,field,Rajasthan Royals,normal,YBK Jaiswal,"Barsapara Cricket Stadium, Guwahati"
1527687,2026,Delhi,2026-04-08,14,Gujarat Titans,Delhi Capitals,Delhi Capitals,field,Gujarat Titans,normal,Rashid Khan,"Arun Jaitley Stadium, Delhi"
1527688,2026,Kolkata,2026-04-09,15,Kolkata Knight Riders,Lucknow Super Giants,Lucknow Super Giants,field,Lucknow Super Giants,normal,MD Choudhary,"Eden Gardens, Kolkata"
1527689,2026,Guwahati,2026-04-10,16,Royal Challengers Bengaluru,Rajasthan Royals,Rajasthan Royals,field,Rajasthan Royals,normal,V Suryavanshi,"Barsapara Cricket Stadium, Guwahati"
1527690,2026,New Chandigarh,2026-04-11,17,Sunrisers Hyderabad,Punjab Kings,Punjab Kings,field,Punjab Kings,normal,SS Iyer,"Maharaja Yadavindra Singh International Cricket Stadium, New Chandigarh"
1527691,2026,Chennai,2026-04-11,18,Chennai Super Kings,Delhi Capitals,Delhi Capitals,field,Chennai Super Kings,normal,SV Samson,"MA Chidambaram Stadium, Chepauk, Chennai"
1527692,2026,Lucknow,2026-04-12,19,Lucknow Super Giants,Gujarat Titans,Gujarat Titans,field,Gujarat Titans,normal,M Prasidh Krishna,"Bharat Ratna Shri Atal Bihari Vajpayee Ekana Cricket Stadium, Lucknow"
1527693,2026,Mumbai,2026-04-12,20,Royal Challengers Bengaluru,Mumbai Indians,Mumbai Indians,field,Royal Challengers Bengaluru,normal,PD Salt,"Wankhede Stadium, Mumbai"
1529264,2026,Hyderabad,2026-04-13,21,Sunrisers Hyderabad,Rajasthan Royals,Rajasthan Royals,field,Sunrisers Hyderabad,normal,PP Hinge,"Rajiv Gandhi International Stadium, Uppal, Hyderabad"
1529265,2026,Chennai,2026-04-14,22,Chennai Super Kings,Kolkata Knight Riders,Kolkata Knight Riders,field,Chennai Super Kings,normal,Noor Ahmad,"MA Chidambaram Stadium, Chepauk, Chennai"
1529266,2026,Bengaluru,2026-04-15,23,Lucknow Super Giants,Royal Challengers Bengaluru,Royal Challengers Bengaluru,field,Royal Challengers Bengaluru,normal,JR Hazlewood,"M Chinnaswamy Stadium, Bengaluru"
1529267,2026,Mumbai,2026-04-16,24,Mumbai Indians,Punjab Kings,Punjab Kings,field,Punjab Kings,normal,Arshdeep Singh,"Wankhede Stadium, Mumbai"
1529268,2026,Ahmedabad,2026-04-17,25,Kolkata Knight Riders,Gujarat Titans,Kolkata Knight Riders,bat,Gujarat Titans,normal,Shubman Gill,"Narendra Modi Stadium, Ahmedabad"
1529269,2026,Bengaluru,2026-04-18,26,Royal Challengers Bengaluru,Delhi Capitals,Delhi Capitals,field,Delhi Capitals,normal,T Stubbs,"M Chinnaswamy Stadium, Bengaluru"
1529270,2026,Hyderabad,2026-04-18,27,Sunrisers Hyderabad,Chennai Super Kings,Chennai Super Kings,field,Sunrisers Hyderabad,normal,E Malinga,"Rajiv Gandhi International Stadium, Uppal, Hyderabad"
1529271,2026,Kolkata,2026-04-19,28,Rajasthan Royals,Kolkata Knight Riders,Rajasthan Royals,bat,Kolkata Knight Riders,normal,CV Varun,"Eden Gardens, Kolkata"
1529272,2026,New Chandigarh,2026-04-19,29,Punjab Kings,Lucknow Super Giants,Lucknow Super Giants,field,Punjab Kings,normal,Priyansh Arya,"Maharaja Yadavindra Singh International Cricket Stadium, New Chandigarh"
1529273,2026,Ahmedabad,2026-04-20,30,Mumbai Indians,Gujarat Titans,Gujarat Titans,field,Mumbai Indians,normal,Tilak Varma,"Narendra Modi Stadium, Ahmedabad"
1529274,2026,Hyderabad,2026-04-21,31,Sunrisers Hyderabad,Delhi Capitals,Delhi Capitals,field,Sunrisers Hyderabad,normal,Abhishek Sharma,"Rajiv Gandhi International Stadium, Uppal, Hyderabad"
1529275,2026,Lucknow,2026-04-22,32,Rajasthan Royals,Lucknow Super Giants,Lucknow Super Giants,field,Rajasthan Royals,normal,RA Jadeja,"Bharat Ratna Shri Atal Bihari Vajpayee Ekana Cricket Stadium, Lucknow"
1529276,2026,Mumbai,2026-04-23,33,Chennai Super Kings,Mumbai Indians,Mumbai Indians,field,Chennai Super Kings,normal,SV Samson,"Wankhede Stadium, Mumbai"
1529277,2026,Bengaluru,2026-04-24,34,Gujarat Titans,Royal Challengers Bengaluru,Royal Challengers Bengaluru,field,Royal Challengers Bengaluru,normal,V Kohli,"M Chinnaswamy Stadium, Bengaluru"
1529278,2026,Delhi,2026-04-25,35,Delhi Capitals,Punjab Kings,Delhi Capitals,bat,Punjab Kings,normal,KL Rahul,"Arun Jaitley Stadium, Delhi"
1529279,2026,Jaipur,2026-04-25,36,Rajasthan Royals,Sunrisers Hyderabad,Sunrisers Hyderabad,field,Sunrisers Hyderabad,normal,Ishan Kishan,"Sawai Mansingh Stadium, Jaipur"
1529280,2026,Chennai,2026-04-26,37,Chennai Super Kings,Gujarat Titans,Gujarat Titans,field,Gujarat Titans,normal,K Rabada,"MA Chidambaram Stadium, Chepauk, Chennai"
1529281,2026,Lucknow,2026-04-26,38,Kolkata Knight Riders,Lucknow Super Giants,Lucknow Super Giants,field,No Result,tie,RK Singh,"Bharat Ratna Shri Atal Bihari Vajpayee Ekana Cricket Stadium, Lucknow"
1529282,2026,Delhi,2026-04-27,39,Delhi Capitals,Royal Challengers Bengaluru,Royal Challengers Bengaluru,field,Royal Challengers Bengaluru,normal,JR Hazlewood,"Arun Jaitley Stadium, Delhi"
1529283,2026,New Chandigarh,2026-04-28,40,Punjab Kings,Rajasthan Royals,Rajasthan Royals,field,Rajasthan Royals,normal,D Ferreira,"Maharaja Yadavindra Singh International Cricket Stadium, New Chandigarh"
1529284,2026,Mumbai,2026-04-29,41,Mumbai Indians,Sunrisers Hyderabad,Mumbai Indians,bat,Sunrisers Hyderabad,normal,H Klaasen,"Wankhede Stadium, Mumbai"
1529285,2026,Ahmedabad,2026-04-30,42,Royal Challengers Bengaluru,Gujarat Titans,Gujarat Titans,field,Gujarat Titans,normal,JO Holder,"Narendra Modi Stadium, Ahmedabad"
1529286,2026,Jaipur,2026-05-01,43,Rajasthan Royals,Delhi Capitals,Rajasthan Royals,bat,Delhi Capitals,normal,KL Rahul,"Sawai Mansingh Stadium, Jaipur"
1529287,2026,Chennai,2026-05-02,44,Mumbai Indians,Chennai Super Kings,Mumbai Indians,bat,Chennai Super Kings,normal,RD Gaikwad,"MA Chidambaram Stadium, Chepauk, Chennai"
1529288,2026,Hyderabad,2026-05-03,45,Sunrisers Hyderabad,Kolkata Knight Riders,Sunrisers Hyderabad,bat,Kolkata Knight Riders,normal,CV Varun,"Rajiv Gandhi International Stadium, Uppal, Hyderabad"
1529289,2026,Ahmedabad,2026-05-03,46,Punjab Kings,Gujarat Titans,Gujarat Titans,field,Gujarat Titans,normal,JO Holder,"Narendra Modi Stadium, Ahmedabad"
1529290,2026,Mumbai,2026-05-04,47,Lucknow Super Giants,Mumbai Indians,Mumbai Indians,field,Mumbai Indians,normal,RD Rickelton,"Wankhede Stadium, Mumbai"
1529291,2026,Delhi,2026-05-05,48,Delhi Capitals,Chennai Super Kings,Delhi Capitals,bat,Chennai Super Kings,normal,SV Samson,"Arun Jaitley Stadium, Delhi"
1529292,2026,Hyderabad,2026-05-06,49,Sunrisers Hyderabad,Punjab Kings,Punjab Kings,field,Sunrisers Hyderabad,normal,PJ Cummins,"Rajiv Gandhi International Stadium, Uppal, Hyderabad"
1529293,2026,Lucknow,2026-05-07,50,Lucknow Super Giants,Royal Challengers Bengaluru,Royal Challengers Bengaluru,field,Lucknow Super Giants,normal,MR Marsh,"Bharat Ratna Shri Atal Bihari Vajpayee Ekana Cricket Stadium, Lucknow"
1529294,2026,Delhi,2026-05-08,51,Delhi Capitals,Kolkata Knight Riders,Kolkata Knight Riders,field,Kolkata Knight Riders,normal,FH Allen,"Arun Jaitley Stadium, Delhi"
1529295,2026,Jaipur,2026-05-09,52,Gujarat Titans,Rajasthan Royals,Rajasthan Royals,field,Gujarat Titans,normal,Rashid Khan,"Sawai Mansingh Stadium, Jaipur"
1529296,2026,Chennai,2026-05-10,53,Lucknow Super Giants,Chennai Super Kings,Chennai Super Kings,field,Chennai Super Kings,normal,J Overton,"MA Chidambaram Stadium, Chepauk, Chennai"
1529297,2026,Raipur,2026-05-10,54,Mumbai Indians,Royal Challengers Bengaluru,Royal Challengers Bengaluru,field,Royal Challengers Bengaluru,normal,B Kumar,"Shaheed Veer Narayan Singh International Stadium, Raipur"
1529298,2026,Dharamsala,2026-05-11,55,Punjab Kings,Delhi Capitals,Delhi Capitals,field,Delhi Capitals,normal,M Tiwari,"Himachal Pradesh Cricket Association Stadium, Dharamsala"
1529299,2026,Ahmedabad,2026-05-12,56,Gujarat Titans,Sunrisers Hyderabad,Sunrisers Hyderabad,field,Gujarat Titans,normal,K Rabada,"Narendra Modi Stadium, Ahmedabad"
1529300,2026,Raipur,2026-05-13,57,Kolkata Knight Riders,Royal Challengers Bengaluru,Royal Challengers Bengaluru,field,Royal Challengers Bengaluru,normal,V Kohli,"Shaheed Veer Narayan Singh International Stadium, Raipur"
1529301,2026,Dharamsala,2026-05-14,58,Punjab Kings,Mumbai Indians,Mumbai Indians,field,Mumbai Indians,normal,Tilak Varma,"Himachal Pradesh Cricket Association Stadium, Dharamsala"
1529302,2026,Lucknow,2026-05-15,59,Chennai Super Kings,Lucknow Super Giants,Lucknow Super Giants,field,Lucknow Super Giants,normal,MR Marsh,"Bharat Ratna Shri Atal Bihari Vajpayee Ekana Cricket Stadium, Lucknow"
1529303,2026,Kolkata,2026-05-16,60,Kolkata Knight Riders,Gujarat Titans,Gujarat Titans,field,Kolkata Knight Riders,normal,SP Narine,"Eden Gardens, Kolkata"
1529304,2026,Dharamsala,2026-05-17,61,Royal Challengers Bengaluru,Punjab Kings,Punjab Kings,field,Royal Challengers Bengaluru,normal,VR Iyer,"Himachal Pradesh Cricket Association Stadium, Dharamsala"
1529305,2026,Delhi,2026-05-17,62,Rajasthan Royals,Delhi Capitals,Delhi Capitals,field,Delhi Capitals,normal,MA Starc,"Arun Jaitley Stadium, Delhi"
1529306,2026,Chennai,2026-05-18,63,Chennai Super Kings,Sunrisers Hyderabad,Chennai Super Kings,bat,Sunrisers Hyderabad,normal,Ishan Kishan,"MA Chidambaram Stadium, Chepauk, Chennai"
1529307,2026,Jaipur,2026-05-19,64,Lucknow Super Giants,Rajasthan Royals,Rajasthan Royals,field,Rajasthan Royals,normal,V Suryavanshi,"Sawai Mansingh Stadium, Jaipur"
1529308,2026,Kolkata,2026-05-20,65,Mumbai Indians,Kolkata Knight Riders,Kolkata Knight Riders,field,Kolkata Knight Riders,normal,MK Pandey,"Eden Gardens, Kolkata"
1529309,2026,Ahmedabad,2026-05-21,66,Gujarat Titans,Chennai Super Kings,Chennai Super Kings,field,Gujarat Titans,normal,Mohammed Siraj,"Narendra Modi Stadium, Ahmedabad"
1529310,2026,Hyderabad,2026-05-22,67,Sunrisers Hyderabad,Royal Challengers Bengaluru,Sunrisers Hyderabad,bat,Sunrisers Hyderabad,normal,Ishan Kishan,"Rajiv Gandhi International Stadium, Uppal, Hyderabad"
1529311,2026,Lucknow,2026-05-23,68,Lucknow Super Giants,Punjab Kings,Punjab Kings,field,Punjab Kings,normal,SS Iyer,"Bharat Ratna Shri Atal Bihari Vajpayee Ekana Cricket Stadium, Lucknow"
1529312,2026,Mumbai,2026-05-24,69,Rajasthan Royals,Mumbai Indians,Mumbai Indians,field,Rajasthan Royals,normal,JC Archer,"Wankhede Stadium, Mumbai"
1529313,2026,Kolkata,2026-05-24,70,Delhi Capitals,Kolkata Knight Riders,Kolkata Knight Riders,field,Delhi Capitals,normal,Kuldeep Yadav,"Eden Gardens, Kolkata"
1535462,2026,Dharamsala,2026-05-26,,Royal Challengers Bengaluru,Gujarat Titans,Gujarat Titans,field,Royal Challengers Bengaluru,normal,RM Patidar,"Himachal Pradesh Cricket Association Stadium, Dharamsala"
1535463,2026,New Chandigarh,2026-05-27,,Rajasthan Royals,Sunrisers Hyderabad,Sunrisers Hyderabad,field,Rajasthan Royals,normal,V Suryavanshi,"Maharaja Yadavindra Singh International Cricket Stadium, New Chandigarh"
1535464,2026,New Chandigarh,2026-05-29,,Rajasthan Royals,Gujarat Titans,Rajasthan Royals,bat,Gujarat Titans,normal,Shubman Gill,"Maharaja Yadavindra Singh International Cricket Stadium, New Chandigarh"
1535465,2026,Ahmedabad,2026-05-31,,Gujarat Titans,Royal Challengers Bengaluru,Royal Challengers Bengaluru,field,Royal Challengers Bengaluru,normal,V Kohli,"Narendra Modi Stadium, Ahmedabad"
